{"ADJ": {"true_positive": 87, "false_positive": 62, "true_negative": 15094, "false_negative": 1032, "precision": 0.5838926174496645, "recall": 0.0777479892761394, "f1": 0.13722397476340695}, "ADP": {"true_positive": 1423, "false_positive": 236, "true_negative": 14428, "false_negative": 188, "precision": 0.8577456298975287, "recall": 0.883302296710118, "f1": 0.8703363914373089}, "ADV": {"true_positive": 242, "false_positive": 276, "true_negative": 15315, "false_negative": 442, "precision": 0.4671814671814672, "recall": 0.3538011695906433, "f1": 0.40266222961730447}, "AUX": {"true_positive": 761, "false_positive": 148, "true_negative": 15296, "false_negative": 70, "precision": 0.8371837183718371, "recall": 0.9157641395908543, "f1": 0.8747126436781609}, "CCONJ": {"true_positive": 513, "false_positive": 6, "true_negative": 15698, "false_negative": 58, "precision": 0.9884393063583815, "recall": 0.8984238178633975, "f1": 0.9412844036697248}, "DET": {"true_positive": 1207, "false_positive": 77, "true_negative": 14861, "false_negative": 130, "precision": 0.9400311526479751, "recall": 0.9027673896783844, "f1": 0.9210225104921785}, "INTJ": {"true_positive": 0, "false_positive": 0, "true_negative": 16193, "false_negative": 82, "precision": 0, "recall": 0.0, "f1": 0.0}, "NOUN": {"true_positive": 2603, "false_positive": 1573, "true_negative": 11772, "false_negative": 327, "precision": 0.623323754789272, "recall": 0.8883959044368601, "f1": 0.732620320855615}, "NUM": {"true_positive": 138, "false_positive": 1, "true_negative": 15994, "false_negative": 142, "precision": 0.9928057553956835, "recall": 0.4928571428571429, "f1": 0.6587112171837709}, "PART": {"true_positive": 245, "false_positive": 52, "true_negative": 15802, "false_negative": 176, "precision": 0.8249158249158249, "recall": 0.5819477434679335, "f1": 0.6824512534818942}, "PRON": {"true_positive": 1112, "false_positive": 212, "true_negative": 14683, "false_negative": 268, "precision": 0.8398791540785498, "recall": 0.8057971014492754, "f1": 0.8224852071005917}, "PROPN": {"true_positive": 619, "false_positive": 239, "true_negative": 15302, "false_negative": 115, "precision": 0.7214452214452215, "recall": 0.8433242506811989, "f1": 0.7776381909547738}, "PUNCT": {"true_positive": 2124, "false_positive": 68, "true_negative": 14058, "false_negative": 25, "precision": 0.968978102189781, "recall": 0.9883666821777571, "f1": 0.9785763648928818}, "SCONJ": {"true_positive": 15, "false_positive": 3, "true_negative": 15958, "false_negative": 299, "precision": 0.8333333333333334, "recall": 0.04777070063694268, "f1": 0.09036144578313253}, "SYM": {"true_positive": 0, "false_positive": 0, "true_negative": 16261, "false_negative": 14, "precision": 0, "recall": 0.0, "f1": 0.0}, "VERB": {"true_positive": 1325, "false_positive": 908, "true_negative": 13562, "false_negative": 480, "precision": 0.593372145096283, "recall": 0.7340720221606648, "f1": 0.6562654779593858}, "X": {"true_positive": 0, "false_positive": 0, "true_negative": 16262, "false_negative": 13, "precision": 0, "recall": 0.0, "f1": 0.0}, "macro_precision": 0.6513251284206356, "macro_recall": 0.553784608857489, "macro_f1": 0.5615500959923606, "weighted_precision": 0.763557693880467, "weighted_recall": 0.7627649769585254, "weighted_f1": 0.7352928530743659, "accuracy": 0.7627649769585253}