{"ADJ": {"true_positive": 159, "false_positive": 103, "true_negative": 15053, "false_negative": 960, "precision": 0.6068702290076335, "recall": 0.14209115281501342, "f1": 0.23026792179580013}, "ADP": {"true_positive": 1442, "false_positive": 278, "true_negative": 14386, "false_negative": 169, "precision": 0.8383720930232558, "recall": 0.8950962135319678, "f1": 0.8658060642449715}, "ADV": {"true_positive": 245, "false_positive": 146, "true_negative": 15445, "false_negative": 439, "precision": 0.6265984654731458, "recall": 0.358187134502924, "f1": 0.4558139534883721}, "AUX": {"true_positive": 777, "false_positive": 160, "true_negative": 15284, "false_negative": 54, "precision": 0.8292422625400213, "recall": 0.9350180505415162, "f1": 0.8789592760180995}, "CCONJ": {"true_positive": 546, "false_positive": 3, "true_negative": 15701, "false_negative": 25, "precision": 0.994535519125683, "recall": 0.9562171628721541, "f1": 0.975}, "DET": {"true_positive": 1216, "false_positive": 82, "true_negative": 14856, "false_negative": 121, "precision": 0.9368258859784283, "recall": 0.9094988780852655, "f1": 0.9229601518026566}, "INTJ": {"true_positive": 0, "false_positive": 0, "true_negative": 16193, "false_negative": 82, "precision": 0, "recall": 0.0, "f1": 0.0}, "NOUN": {"true_positive": 2145, "false_positive": 1406, "true_negative": 11939, "false_negative": 785, "precision": 0.6040551957195156, "recall": 0.7320819112627986, "f1": 0.6619348865915754}, "NUM": {"true_positive": 144, "false_positive": 3, "true_negative": 15992, "false_negative": 136, "precision": 0.9795918367346939, "recall": 0.5142857142857142, "f1": 0.6744730679156908}, "PART": {"true_positive": 245, "false_positive": 19, "true_negative": 15835, "false_negative": 176, "precision": 0.928030303030303, "recall": 0.5819477434679335, "f1": 0.7153284671532847}, "PRON": {"true_positive": 1008, "false_positive": 183, "true_negative": 14712, "false_negative": 372, "precision": 0.8463476070528967, "recall": 0.7304347826086957, "f1": 0.7841306884480747}, "PROPN": {"true_positive": 486, "false_positive": 1233, "true_negative": 14308, "false_negative": 248, "precision": 0.28272251308900526, "recall": 0.662125340599455, "f1": 0.396249490419894}, "PUNCT": {"true_positive": 2137, "false_positive": 62, "true_negative": 14064, "false_negative": 12, "precision": 0.9718053660754888, "recall": 0.9944160074453234, "f1": 0.9829806807727691}, "SCONJ": {"true_positive": 91, "false_positive": 30, "true_negative": 15931, "false_negative": 223, "precision": 0.7520661157024794, "recall": 0.2898089171974522, "f1": 0.41839080459770117}, "SYM": {"true_positive": 0, "false_positive": 0, "true_negative": 16261, "false_negative": 14, "precision": 0, "recall": 0.0, "f1": 0.0}, "VERB": {"true_positive": 1201, "false_positive": 725, "true_negative": 13745, "false_negative": 604, "precision": 0.6235721703011423, "recall": 0.6653739612188365, "f1": 0.6437952291610828}, "X": {"true_positive": 0, "false_positive": 0, "true_negative": 16262, "false_negative": 13, "precision": 0, "recall": 0.0, "f1": 0.0}, "macro_precision": 0.6365079742855113, "macro_recall": 0.5509754688491205, "macro_f1": 0.5650641577888219, "weighted_precision": 0.7513528335931593, "weighted_recall": 0.7276190476190476, "weighted_f1": 0.7185051318705554, "accuracy": 0.7276190476190476}