{"ADJ": {"true_positive": 230, "false_positive": 59, "true_negative": 15097, "false_negative": 889, "precision": 0.7958477508650519, "recall": 0.20554066130473636, "f1": 0.32670454545454547}, "ADP": {"true_positive": 1417, "false_positive": 223, "true_negative": 14441, "false_negative": 194, "precision": 0.8640243902439024, "recall": 0.8795779019242707, "f1": 0.8717317748385113}, "ADV": {"true_positive": 279, "false_positive": 156, "true_negative": 15435, "false_negative": 405, "precision": 0.6413793103448275, "recall": 0.40789473684210525, "f1": 0.49865951742627346}, "AUX": {"true_positive": 747, "false_positive": 208, "true_negative": 15236, "false_negative": 84, "precision": 0.7821989528795812, "recall": 0.8989169675090253, "f1": 0.8365061590145577}, "CCONJ": {"true_positive": 528, "false_positive": 6, "true_negative": 15698, "false_negative": 43, "precision": 0.9887640449438202, "recall": 0.9246935201401051, "f1": 0.9556561085972851}, "DET": {"true_positive": 1169, "false_positive": 99, "true_negative": 14839, "false_negative": 168, "precision": 0.9219242902208202, "recall": 0.8743455497382199, "f1": 0.8975047984644914}, "INTJ": {"true_positive": 0, "false_positive": 1, "true_negative": 16192, "false_negative": 82, "precision": 0.0, "recall": 0.0, "f1": 0.0}, "NOUN": {"true_positive": 2173, "false_positive": 1274, "true_negative": 12071, "false_negative": 757, "precision": 0.6304032492022048, "recall": 0.7416382252559727, "f1": 0.6815116826093774}, "NUM": {"true_positive": 163, "false_positive": 1, "true_negative": 15994, "false_negative": 117, "precision": 0.9939024390243902, "recall": 0.5821428571428572, "f1": 0.7342342342342343}, "PART": {"true_positive": 262, "false_positive": 48, "true_negative": 15806, "false_negative": 159, "precision": 0.8451612903225807, "recall": 0.6223277909738717, "f1": 0.7168262653898769}, "PRON": {"true_positive": 1011, "false_positive": 253, "true_negative": 14642, "false_negative": 369, "precision": 0.7998417721518988, "recall": 0.7326086956521739, "f1": 0.764750378214826}, "PROPN": {"true_positive": 500, "false_positive": 1193, "true_negative": 14348, "false_negative": 234, "precision": 0.29533372711163614, "recall": 0.6811989100817438, "f1": 0.4120313143798929}, "PUNCT": {"true_positive": 2137, "false_positive": 53, "true_negative": 14073, "false_negative": 12, "precision": 0.9757990867579909, "recall": 0.9944160074453234, "f1": 0.9850195897672275}, "SCONJ": {"true_positive": 29, "false_positive": 18, "true_negative": 15943, "false_negative": 285, "precision": 0.6170212765957447, "recall": 0.09235668789808917, "f1": 0.16066481994459833}, "SYM": {"true_positive": 0, "false_positive": 0, "true_negative": 16261, "false_negative": 14, "precision": 0, "recall": 0.0, "f1": 0.0}, "VERB": {"true_positive": 1353, "false_positive": 685, "true_negative": 13785, "false_negative": 452, "precision": 0.6638861629048086, "recall": 0.749584487534626, "f1": 0.7041373926619828}, "X": {"true_positive": 0, "false_positive": 0, "true_negative": 16262, "false_negative": 13, "precision": 0, "recall": 0.0, "f1": 0.0}, "macro_precision": 0.636205161386427, "macro_recall": 0.5521907646731248, "macro_f1": 0.5615257988822165, "weighted_precision": 0.7655422365363869, "weighted_recall": 0.7372043010752688, "weighted_f1": 0.7282343829753596, "accuracy": 0.7372043010752688}