{"ADJ": {"true_positive": 115, "false_positive": 77, "true_negative": 15079, "false_negative": 1004, "precision": 0.5989583333333334, "recall": 0.10277033065236818, "f1": 0.17543859649122806}, "ADP": {"true_positive": 1385, "false_positive": 201, "true_negative": 14463, "false_negative": 226, "precision": 0.873266078184111, "recall": 0.8597144630664184, "f1": 0.866437284954645}, "ADV": {"true_positive": 237, "false_positive": 198, "true_negative": 15393, "false_negative": 447, "precision": 0.5448275862068965, "recall": 0.34649122807017546, "f1": 0.42359249329758714}, "AUX": {"true_positive": 734, "false_positive": 177, "true_negative": 15267, "false_negative": 97, "precision": 0.8057080131723381, "recall": 0.8832731648616126, "f1": 0.8427095292766934}, "CCONJ": {"true_positive": 548, "false_positive": 8, "true_negative": 15696, "false_negative": 23, "precision": 0.9856115107913669, "recall": 0.9597197898423818, "f1": 0.9724933451641526}, "DET": {"true_positive": 1168, "false_positive": 69, "true_negative": 14869, "false_negative": 169, "precision": 0.9442198868229588, "recall": 0.8735976065818998, "f1": 0.9075369075369075}, "INTJ": {"true_positive": 0, "false_positive": 0, "true_negative": 16193, "false_negative": 82, "precision": 0, "recall": 0.0, "f1": 0.0}, "NOUN": {"true_positive": 2638, "false_positive": 1542, "true_negative": 11803, "false_negative": 292, "precision": 0.6311004784688995, "recall": 0.9003412969283277, "f1": 0.7420534458509142}, "NUM": {"true_positive": 182, "false_positive": 1, "true_negative": 15994, "false_negative": 98, "precision": 0.994535519125683, "recall": 0.65, "f1": 0.7861771058315334}, "PART": {"true_positive": 271, "false_positive": 44, "true_negative": 15810, "false_negative": 150, "precision": 0.8603174603174604, "recall": 0.6437054631828979, "f1": 0.7364130434782609}, "PRON": {"true_positive": 1124, "false_positive": 273, "true_negative": 14622, "false_negative": 256, "precision": 0.8045812455261274, "recall": 0.8144927536231884, "f1": 0.8095066618653223}, "PROPN": {"true_positive": 646, "false_positive": 324, "true_negative": 15217, "false_negative": 88, "precision": 0.6659793814432989, "recall": 0.8801089918256131, "f1": 0.7582159624413145}, "PUNCT": {"true_positive": 2144, "false_positive": 35, "true_negative": 14091, "false_negative": 5, "precision": 0.9839375860486461, "recall": 0.9976733364355514, "f1": 0.9907578558225508}, "SCONJ": {"true_positive": 38, "false_positive": 5, "true_negative": 15956, "false_negative": 276, "precision": 0.8837209302325582, "recall": 0.12101910828025478, "f1": 0.21288515406162464}, "SYM": {"true_positive": 0, "false_positive": 0, "true_negative": 16261, "false_negative": 14, "precision": 0, "recall": 0.0, "f1": 0.0}, "VERB": {"true_positive": 1302, "false_positive": 789, "true_negative": 13681, "false_negative": 503, "precision": 0.6226685796269728, "recall": 0.7213296398891966, "f1": 0.6683778234086243}, "X": {"true_positive": 0, "false_positive": 0, "true_negative": 16262, "false_negative": 13, "precision": 0, "recall": 0.0, "f1": 0.0}, "macro_precision": 0.6587901523118029, "macro_recall": 0.573778657249405, "macro_f1": 0.5819173652636094, "weighted_precision": 0.7710785640440494, "weighted_recall": 0.770015360983103, "weighted_f1": 0.7453934263669848, "accuracy": 0.770015360983103}