{"ADJ": {"true_positive": 321, "false_positive": 94, "true_negative": 15062, "false_negative": 798, "precision": 0.7734939759036145, "recall": 0.2868632707774799, "f1": 0.41851368970013036}, "ADP": {"true_positive": 1429, "false_positive": 206, "true_negative": 14458, "false_negative": 182, "precision": 0.8740061162079511, "recall": 0.8870266914959652, "f1": 0.8804682686383241}, "ADV": {"true_positive": 276, "false_positive": 103, "true_negative": 15488, "false_negative": 408, "precision": 0.7282321899736148, "recall": 0.40350877192982454, "f1": 0.5192850423330198}, "AUX": {"true_positive": 790, "false_positive": 179, "true_negative": 15265, "false_negative": 41, "precision": 0.8152734778121775, "recall": 0.950661853188929, "f1": 0.8777777777777778}, "CCONJ": {"true_positive": 548, "false_positive": 4, "true_negative": 15700, "false_negative": 23, "precision": 0.9927536231884058, "recall": 0.9597197898423818, "f1": 0.9759572573463936}, "DET": {"true_positive": 1183, "false_positive": 72, "true_negative": 14866, "false_negative": 154, "precision": 0.9426294820717132, "recall": 0.8848167539267016, "f1": 0.9128086419753086}, "INTJ": {"true_positive": 0, "false_positive": 0, "true_negative": 16193, "false_negative": 82, "precision": 0, "recall": 0.0, "f1": 0.0}, "NOUN": {"true_positive": 2661, "false_positive": 1164, "true_negative": 12181, "false_negative": 269, "precision": 0.6956862745098039, "recall": 0.9081911262798635, "f1": 0.787860843819393}, "NUM": {"true_positive": 196, "false_positive": 2, "true_negative": 15993, "false_negative": 84, "precision": 0.98989898989899, "recall": 0.7, "f1": 0.8200836820083682}, "PART": {"true_positive": 283, "false_positive": 70, "true_negative": 15784, "false_negative": 138, "precision": 0.8016997167138811, "recall": 0.672209026128266, "f1": 0.7312661498708011}, "PRON": {"true_positive": 1162, "false_positive": 245, "true_negative": 14650, "false_negative": 218, "precision": 0.8258706467661692, "recall": 0.8420289855072464, "f1": 0.8338715464657338}, "PROPN": {"true_positive": 649, "false_positive": 249, "true_negative": 15292, "false_negative": 85, "precision": 0.72271714922049, "recall": 0.8841961852861036, "f1": 0.7953431372549019}, "PUNCT": {"true_positive": 2149, "false_positive": 46, "true_negative": 14080, "false_negative": 0, "precision": 0.9790432801822323, "recall": 1.0, "f1": 0.9894106813996317}, "SCONJ": {"true_positive": 62, "false_positive": 14, "true_negative": 15947, "false_negative": 252, "precision": 0.8157894736842105, "recall": 0.19745222929936307, "f1": 0.31794871794871793}, "SYM": {"true_positive": 0, "false_positive": 0, "true_negative": 16261, "false_negative": 14, "precision": 0, "recall": 0.0, "f1": 0.0}, "VERB": {"true_positive": 1477, "false_positive": 641, "true_negative": 13829, "false_negative": 328, "precision": 0.6973559962228517, "recall": 0.8182825484764543, "f1": 0.7529951567677797}, "X": {"true_positive": 0, "false_positive": 0, "true_negative": 16262, "false_negative": 13, "precision": 0, "recall": 0.0, "f1": 0.0}, "macro_precision": 0.6855559054327122, "macro_recall": 0.61146807247874, "macro_f1": 0.6243288584297813, "weighted_precision": 0.8121903573541831, "weighted_recall": 0.8101996927803381, "weighted_f1": 0.7935331065531067, "accuracy": 0.810199692780338}