{"ADJ": {"true_positive": 135, "false_positive": 75, "true_negative": 15081, "false_negative": 984, "precision": 0.6428571428571429, "recall": 0.12064343163538874, "f1": 0.20316027088036118}, "ADP": {"true_positive": 1376, "false_positive": 168, "true_negative": 14496, "false_negative": 235, "precision": 0.8911917098445595, "recall": 0.8541278708876474, "f1": 0.8722662440570523}, "ADV": {"true_positive": 255, "false_positive": 132, "true_negative": 15459, "false_negative": 429, "precision": 0.6589147286821705, "recall": 0.37280701754385964, "f1": 0.47619047619047616}, "AUX": {"true_positive": 778, "false_positive": 166, "true_negative": 15278, "false_negative": 53, "precision": 0.8241525423728814, "recall": 0.9362214199759326, "f1": 0.8766197183098592}, "CCONJ": {"true_positive": 550, "false_positive": 3, "true_negative": 15701, "false_negative": 21, "precision": 0.9945750452079566, "recall": 0.9632224168126094, "f1": 0.9786476868327402}, "DET": {"true_positive": 1223, "false_positive": 116, "true_negative": 14822, "false_negative": 114, "precision": 0.9133681852128454, "recall": 0.9147344801795063, "f1": 0.914050822122571}, "INTJ": {"true_positive": 0, "false_positive": 0, "true_negative": 16193, "false_negative": 82, "precision": 0, "recall": 0.0, "f1": 0.0}, "NOUN": {"true_positive": 2605, "false_positive": 1378, "true_negative": 11967, "false_negative": 325, "precision": 0.654029625910118, "recall": 0.8890784982935154, "f1": 0.7536525386952119}, "NUM": {"true_positive": 199, "false_positive": 2, "true_negative": 15993, "false_negative": 81, "precision": 0.9900497512437811, "recall": 0.7107142857142857, "f1": 0.8274428274428275}, "PART": {"true_positive": 335, "false_positive": 88, "true_negative": 15766, "false_negative": 86, "precision": 0.7919621749408984, "recall": 0.7957244655581948, "f1": 0.7938388625592417}, "PRON": {"true_positive": 1173, "false_positive": 207, "true_negative": 14688, "false_negative": 207, "precision": 0.85, "recall": 0.85, "f1": 0.85}, "PROPN": {"true_positive": 674, "false_positive": 231, "true_negative": 15310, "false_negative": 60, "precision": 0.7447513812154696, "recall": 0.9182561307901907, "f1": 0.8224527150701647}, "PUNCT": {"true_positive": 2147, "false_positive": 30, "true_negative": 14096, "false_negative": 2, "precision": 0.9862195682131374, "recall": 0.9990693345742205, "f1": 0.9926028663892742}, "SCONJ": {"true_positive": 77, "false_positive": 11, "true_negative": 15950, "false_negative": 237, "precision": 0.875, "recall": 0.24522292993630573, "f1": 0.38308457711442784}, "SYM": {"true_positive": 0, "false_positive": 0, "true_negative": 16261, "false_negative": 14, "precision": 0, "recall": 0.0, "f1": 0.0}, "VERB": {"true_positive": 1346, "false_positive": 795, "true_negative": 13675, "false_negative": 459, "precision": 0.6286781877627277, "recall": 0.7457063711911357, "f1": 0.6822098327420172}, "X": {"true_positive": 0, "false_positive": 0, "true_negative": 16262, "false_negative": 13, "precision": 0, "recall": 0.0, "f1": 0.0}, "macro_precision": 0.6732794143213935, "macro_recall": 0.6067958031231054, "macro_f1": 0.6133070257886014, "weighted_precision": 0.7898737538383684, "weighted_recall": 0.7909677419354839, "weighted_f1": 0.7682451343486276, "accuracy": 0.7909677419354839}