{"ADJ": {"true_positive": 10, "false_positive": 10, "true_negative": 15146, "false_negative": 1109, "precision": 0.5, "recall": 0.008936550491510277, "f1": 0.01755926251097454}, "ADP": {"true_positive": 1406, "false_positive": 248, "true_negative": 14416, "false_negative": 205, "precision": 0.8500604594921403, "recall": 0.8727498448168839, "f1": 0.8612557427258806}, "ADV": {"true_positive": 196, "false_positive": 225, "true_negative": 15366, "false_negative": 488, "precision": 0.4655581947743468, "recall": 0.28654970760233917, "f1": 0.3547511312217195}, "AUX": {"true_positive": 744, "false_positive": 241, "true_negative": 15203, "false_negative": 87, "precision": 0.7553299492385787, "recall": 0.8953068592057761, "f1": 0.8193832599118943}, "CCONJ": {"true_positive": 498, "false_positive": 8, "true_negative": 15696, "false_negative": 73, "precision": 0.9841897233201581, "recall": 0.87215411558669, "f1": 0.924791086350975}, "DET": {"true_positive": 1155, "false_positive": 113, "true_negative": 14825, "false_negative": 182, "precision": 0.9108832807570978, "recall": 0.8638743455497382, "f1": 0.8867562380038387}, "INTJ": {"true_positive": 0, "false_positive": 0, "true_negative": 16193, "false_negative": 82, "precision": 0, "recall": 0.0, "f1": 0.0}, "NOUN": {"true_positive": 2246, "false_positive": 1743, "true_negative": 11602, "false_negative": 684, "precision": 0.5630483830533969, "recall": 0.7665529010238907, "f1": 0.6492267668738257}, "NUM": {"true_positive": 155, "false_positive": 1, "true_negative": 15994, "false_negative": 125, "precision": 0.9935897435897436, "recall": 0.5535714285714286, "f1": 0.7110091743119266}, "PART": {"true_positive": 206, "false_positive": 28, "true_negative": 15826, "false_negative": 215, "precision": 0.8803418803418803, "recall": 0.48931116389548696, "f1": 0.6290076335877862}, "PRON": {"true_positive": 986, "false_positive": 235, "true_negative": 14660, "false_negative": 394, "precision": 0.8075348075348076, "recall": 0.7144927536231884, "f1": 0.7581699346405228}, "PROPN": {"true_positive": 453, "false_positive": 1169, "true_negative": 14372, "false_negative": 281, "precision": 0.2792848335388409, "recall": 0.6171662125340599, "f1": 0.3845500848896435}, "PUNCT": {"true_positive": 2130, "false_positive": 45, "true_negative": 14081, "false_negative": 19, "precision": 0.9793103448275862, "recall": 0.9911586784550954, "f1": 0.9851988899167438}, "SCONJ": {"true_positive": 11, "false_positive": 0, "true_negative": 15961, "false_negative": 303, "precision": 1.0, "recall": 0.03503184713375796, "f1": 0.06769230769230769}, "SYM": {"true_positive": 0, "false_positive": 0, "true_negative": 16261, "false_negative": 14, "precision": 0, "recall": 0.0, "f1": 0.0}, "VERB": {"true_positive": 1182, "false_positive": 830, "true_negative": 13640, "false_negative": 623, "precision": 0.5874751491053678, "recall": 0.6548476454293629, "f1": 0.6193345559339796}, "X": {"true_positive": 0, "false_positive": 1, "true_negative": 16261, "false_negative": 13, "precision": 0.0, "recall": 0.0, "f1": 0.0}, "macro_precision": 0.6209768676219968, "macro_recall": 0.5071590619952475, "macro_f1": 0.5099227099160011, "weighted_precision": 0.722075340782398, "weighted_recall": 0.6991090629800308, "weighted_f1": 0.675597421422395, "accuracy": 0.6991090629800307}