{"ADJ": {"true_positive": 55, "false_positive": 32, "true_negative": 15124, "false_negative": 1064, "precision": 0.632183908045977, "recall": 0.049151027703306524, "f1": 0.0912106135986733}, "ADP": {"true_positive": 1394, "false_positive": 245, "true_negative": 14419, "false_negative": 217, "precision": 0.8505186089078707, "recall": 0.8653010552451893, "f1": 0.8578461538461538}, "ADV": {"true_positive": 163, "false_positive": 181, "true_negative": 15410, "false_negative": 521, "precision": 0.4738372093023256, "recall": 0.23830409356725146, "f1": 0.31712062256809337}, "AUX": {"true_positive": 742, "false_positive": 222, "true_negative": 15222, "false_negative": 89, "precision": 0.7697095435684648, "recall": 0.8929001203369434, "f1": 0.826740947075209}, "CCONJ": {"true_positive": 481, "false_positive": 7, "true_negative": 15697, "false_negative": 90, "precision": 0.985655737704918, "recall": 0.8423817863397548, "f1": 0.9084041548630784}, "DET": {"true_positive": 1176, "false_positive": 71, "true_negative": 14867, "false_negative": 161, "precision": 0.9430633520449078, "recall": 0.8795811518324608, "f1": 0.9102167182662538}, "INTJ": {"true_positive": 0, "false_positive": 0, "true_negative": 16193, "false_negative": 82, "precision": 0, "recall": 0.0, "f1": 0.0}, "NOUN": {"true_positive": 2339, "false_positive": 1629, "true_negative": 11716, "false_negative": 591, "precision": 0.5894657258064516, "recall": 0.7982935153583618, "f1": 0.6781675848071905}, "NUM": {"true_positive": 34, "false_positive": 154, "true_negative": 15841, "false_negative": 246, "precision": 0.18085106382978725, "recall": 0.12142857142857143, "f1": 0.1452991452991453}, "PART": {"true_positive": 235, "false_positive": 29, "true_negative": 15825, "false_negative": 186, "precision": 0.8901515151515151, "recall": 0.5581947743467933, "f1": 0.6861313868613139}, "PRON": {"true_positive": 1015, "false_positive": 384, "true_negative": 14511, "false_negative": 365, "precision": 0.725518227305218, "recall": 0.7355072463768116, "f1": 0.7304785894206549}, "PROPN": {"true_positive": 146, "false_positive": 266, "true_negative": 15275, "false_negative": 588, "precision": 0.35436893203883496, "recall": 0.1989100817438692, "f1": 0.2547993019197208}, "PUNCT": {"true_positive": 2016, "false_positive": 313, "true_negative": 13813, "false_negative": 133, "precision": 0.8656075568913697, "recall": 0.9381107491856677, "f1": 0.9004019651630192}, "SCONJ": {"true_positive": 18, "false_positive": 1, "true_negative": 15960, "false_negative": 296, "precision": 0.9473684210526315, "recall": 0.05732484076433121, "f1": 0.10810810810810811}, "SYM": {"true_positive": 0, "false_positive": 0, "true_negative": 16261, "false_negative": 14, "precision": 0, "recall": 0.0, "f1": 0.0}, "VERB": {"true_positive": 1325, "false_positive": 1602, "true_negative": 12868, "false_negative": 480, "precision": 0.45268192688759823, "recall": 0.7340720221606648, "f1": 0.5600169061707523}, "X": {"true_positive": 0, "false_positive": 0, "true_negative": 16262, "false_negative": 13, "precision": 0, "recall": 0.0, "f1": 0.0}, "macro_precision": 0.5682930428551688, "macro_recall": 0.46526241390529277, "macro_f1": 0.46911424693925685, "weighted_precision": 0.6914667585867709, "weighted_recall": 0.6844239631336406, "weighted_f1": 0.6522301143984298, "accuracy": 0.6844239631336405}