{"ADJ": {"true_positive": 98, "false_positive": 74, "true_negative": 15082, "false_negative": 1021, "precision": 0.5697674418604651, "recall": 0.08757819481680071, "f1": 0.15182029434546862}, "ADP": {"true_positive": 1388, "false_positive": 491, "true_negative": 14173, "false_negative": 223, "precision": 0.7386907929749867, "recall": 0.861576660459342, "f1": 0.7954154727793696}, "ADV": {"true_positive": 117, "false_positive": 77, "true_negative": 15514, "false_negative": 567, "precision": 0.6030927835051546, "recall": 0.17105263157894737, "f1": 0.26651480637813213}, "AUX": {"true_positive": 719, "false_positive": 217, "true_negative": 15227, "false_negative": 112, "precision": 0.7681623931623932, "recall": 0.865222623345367, "f1": 0.8138087153367289}, "CCONJ": {"true_positive": 394, "false_positive": 4, "true_negative": 15700, "false_negative": 177, "precision": 0.9899497487437185, "recall": 0.6900175131348512, "f1": 0.8132094943240454}, "DET": {"true_positive": 1178, "false_positive": 137, "true_negative": 14801, "false_negative": 159, "precision": 0.8958174904942966, "recall": 0.881077038145101, "f1": 0.8883861236802413}, "INTJ": {"true_positive": 0, "false_positive": 0, "true_negative": 16193, "false_negative": 82, "precision": 0, "recall": 0.0, "f1": 0.0}, "NOUN": {"true_positive": 2618, "false_positive": 2162, "true_negative": 11183, "false_negative": 312, "precision": 0.5476987447698745, "recall": 0.8935153583617748, "f1": 0.679118028534371}, "NUM": {"true_positive": 143, "false_positive": 1, "true_negative": 15994, "false_negative": 137, "precision": 0.9930555555555556, "recall": 0.5107142857142857, "f1": 0.6745283018867925}, "PART": {"true_positive": 254, "false_positive": 65, "true_negative": 15789, "false_negative": 167, "precision": 0.7962382445141066, "recall": 0.6033254156769596, "f1": 0.6864864864864865}, "PRON": {"true_positive": 933, "false_positive": 329, "true_negative": 14566, "false_negative": 447, "precision": 0.7393026941362916, "recall": 0.6760869565217391, "f1": 0.7062831188493566}, "PROPN": {"true_positive": 87, "false_positive": 167, "true_negative": 15374, "false_negative": 647, "precision": 0.3425196850393701, "recall": 0.11852861035422343, "f1": 0.17611336032388664}, "PUNCT": {"true_positive": 2137, "false_positive": 362, "true_negative": 13764, "false_negative": 12, "precision": 0.8551420568227291, "recall": 0.9944160074453234, "f1": 0.9195352839931153}, "SCONJ": {"true_positive": 33, "false_positive": 0, "true_negative": 15961, "false_negative": 281, "precision": 1.0, "recall": 0.10509554140127389, "f1": 0.19020172910662825}, "SYM": {"true_positive": 0, "false_positive": 1, "true_negative": 16260, "false_negative": 14, "precision": 0.0, "recall": 0.0, "f1": 0.0}, "VERB": {"true_positive": 1166, "false_positive": 923, "true_negative": 13547, "false_negative": 639, "precision": 0.5581617999042604, "recall": 0.6459833795013851, "f1": 0.5988700564971752}, "X": {"true_positive": 0, "false_positive": 0, "true_negative": 16262, "false_negative": 13, "precision": 0, "recall": 0.0, "f1": 0.0}, "macro_precision": 0.6116234959696002, "macro_recall": 0.47671707155631615, "macro_f1": 0.49178183956010585, "weighted_precision": 0.6937196321487877, "weighted_recall": 0.6921658986175115, "weighted_f1": 0.6544015277603609, "accuracy": 0.6921658986175115}