{"ADJ": {"true_positive": 366, "false_positive": 115, "true_negative": 15041, "false_negative": 753, "precision": 0.760914760914761, "recall": 0.32707774798927614, "f1": 0.4575}, "ADP": {"true_positive": 1430, "false_positive": 220, "true_negative": 14444, "false_negative": 181, "precision": 0.8666666666666667, "recall": 0.8876474239602731, "f1": 0.8770315854032505}, "ADV": {"true_positive": 335, "false_positive": 148, "true_negative": 15443, "false_negative": 349, "precision": 0.6935817805383023, "recall": 0.489766081871345, "f1": 0.5741216795201372}, "AUX": {"true_positive": 779, "false_positive": 151, "true_negative": 15293, "false_negative": 52, "precision": 0.8376344086021505, "recall": 0.937424789410349, "f1": 0.8847245883021011}, "CCONJ": {"true_positive": 549, "false_positive": 8, "true_negative": 15696, "false_negative": 22, "precision": 0.9856373429084381, "recall": 0.9614711033274956, "f1": 0.973404255319149}, "DET": {"true_positive": 1204, "false_positive": 101, "true_negative": 14837, "false_negative": 133, "precision": 0.9226053639846743, "recall": 0.900523560209424, "f1": 0.9114307342922029}, "INTJ": {"true_positive": 0, "false_positive": 0, "true_negative": 16193, "false_negative": 82, "precision": 0, "recall": 0.0, "f1": 0.0}, "NOUN": {"true_positive": 2332, "false_positive": 1157, "true_negative": 12188, "false_negative": 598, "precision": 0.6683863571223846, "recall": 0.7959044368600683, "f1": 0.7265929272472348}, "NUM": {"true_positive": 178, "false_positive": 4, "true_negative": 15991, "false_negative": 102, "precision": 0.978021978021978, "recall": 0.6357142857142857, "f1": 0.7705627705627706}, "PART": {"true_positive": 296, "false_positive": 90, "true_negative": 15764, "false_negative": 125, "precision": 0.7668393782383419, "recall": 0.7030878859857482, "f1": 0.7335811648079306}, "PRON": {"true_positive": 1033, "false_positive": 192, "true_negative": 14703, "false_negative": 347, "precision": 0.843265306122449, "recall": 0.7485507246376811, "f1": 0.7930902111324376}, "PROPN": {"true_positive": 478, "false_positive": 838, "true_negative": 14703, "false_negative": 256, "precision": 0.36322188449848025, "recall": 0.6512261580381471, "f1": 0.46634146341463417}, "PUNCT": {"true_positive": 2145, "false_positive": 38, "true_negative": 14088, "false_negative": 4, "precision": 0.9825927622537792, "recall": 0.9981386691484412, "f1": 0.9903047091412742}, "SCONJ": {"true_positive": 76, "false_positive": 7, "true_negative": 15954, "false_negative": 238, "precision": 0.9156626506024096, "recall": 0.24203821656050956, "f1": 0.38287153652392947}, "SYM": {"true_positive": 0, "false_positive": 0, "true_negative": 16261, "false_negative": 14, "precision": 0, "recall": 0.0, "f1": 0.0}, "VERB": {"true_positive": 1424, "false_positive": 581, "true_negative": 13889, "false_negative": 381, "precision": 0.7102244389027431, "recall": 0.7889196675900277, "f1": 0.74750656167979}, "X": {"true_positive": 0, "false_positive": 0, "true_negative": 16262, "false_negative": 13, "precision": 0, "recall": 0.0, "f1": 0.0}, "macro_precision": 0.6644267693751504, "macro_recall": 0.5922053383119454, "macro_f1": 0.6052390698439318, "weighted_precision": 0.791453371309638, "weighted_recall": 0.7757296466973886, "weighted_f1": 0.7689738827663112, "accuracy": 0.7757296466973886}