{"ADJ": {"true_positive": 344, "false_positive": 90, "true_negative": 15066, "false_negative": 775, "precision": 0.7926267281105991, "recall": 0.30741733690795353, "f1": 0.4430135222150676}, "ADP": {"true_positive": 1452, "false_positive": 236, "true_negative": 14428, "false_negative": 159, "precision": 0.8601895734597157, "recall": 0.9013035381750466, "f1": 0.8802667474992422}, "ADV": {"true_positive": 314, "false_positive": 133, "true_negative": 15458, "false_negative": 370, "precision": 0.7024608501118568, "recall": 0.4590643274853801, "f1": 0.5552608311229}, "AUX": {"true_positive": 776, "false_positive": 151, "true_negative": 15293, "false_negative": 55, "precision": 0.837108953613808, "recall": 0.9338146811070999, "f1": 0.8828213879408419}, "CCONJ": {"true_positive": 550, "false_positive": 13, "true_negative": 15691, "false_negative": 21, "precision": 0.9769094138543517, "recall": 0.9632224168126094, "f1": 0.9700176366843033}, "DET": {"true_positive": 1202, "false_positive": 126, "true_negative": 14812, "false_negative": 135, "precision": 0.9051204819277109, "recall": 0.8990276738967838, "f1": 0.9020637898686679}, "INTJ": {"true_positive": 0, "false_positive": 0, "true_negative": 16193, "false_negative": 82, "precision": 0, "recall": 0.0, "f1": 0.0}, "NOUN": {"true_positive": 2643, "false_positive": 1041, "true_negative": 12304, "false_negative": 287, "precision": 0.7174267100977199, "recall": 0.9020477815699659, "f1": 0.7992137889325672}, "NUM": {"true_positive": 132, "false_positive": 2, "true_negative": 15993, "false_negative": 148, "precision": 0.9850746268656716, "recall": 0.4714285714285714, "f1": 0.6376811594202898}, "PART": {"true_positive": 310, "false_positive": 68, "true_negative": 15786, "false_negative": 111, "precision": 0.8201058201058201, "recall": 0.7363420427553444, "f1": 0.7759699624530664}, "PRON": {"true_positive": 1216, "false_positive": 225, "true_negative": 14670, "false_negative": 164, "precision": 0.8438584316446912, "recall": 0.881159420289855, "f1": 0.8621056362991847}, "PROPN": {"true_positive": 684, "false_positive": 248, "true_negative": 15293, "false_negative": 50, "precision": 0.7339055793991416, "recall": 0.9318801089918256, "f1": 0.8211284513805522}, "PUNCT": {"true_positive": 2147, "false_positive": 54, "true_negative": 14072, "false_negative": 2, "precision": 0.975465697410268, "recall": 0.9990693345742205, "f1": 0.9871264367816092}, "SCONJ": {"true_positive": 56, "false_positive": 3, "true_negative": 15958, "false_negative": 258, "precision": 0.9491525423728814, "recall": 0.17834394904458598, "f1": 0.3002680965147453}, "SYM": {"true_positive": 0, "false_positive": 0, "true_negative": 16261, "false_negative": 14, "precision": 0, "recall": 0.0, "f1": 0.0}, "VERB": {"true_positive": 1453, "false_positive": 606, "true_negative": 13864, "false_negative": 352, "precision": 0.7056823700825644, "recall": 0.8049861495844876, "f1": 0.7520703933747412}, "X": {"true_positive": 0, "false_positive": 0, "true_negative": 16262, "false_negative": 13, "precision": 0, "recall": 0.0, "f1": 0.0}, "macro_precision": 0.6944169281798118, "macro_recall": 0.609947490154337, "macro_f1": 0.6217063435581047, "weighted_precision": 0.8178937161620775, "weighted_recall": 0.8159139784946237, "weighted_f1": 0.7987499046296619, "accuracy": 0.8159139784946237}