{"ADJ": {"true_positive": 345, "false_positive": 113, "true_negative": 15043, "false_negative": 774, "precision": 0.7532751091703057, "recall": 0.30831099195710454, "f1": 0.4375396322130628}, "ADP": {"true_positive": 1432, "false_positive": 210, "true_negative": 14454, "false_negative": 179, "precision": 0.8721071863580999, "recall": 0.8888888888888888, "f1": 0.8804180756225023}, "ADV": {"true_positive": 310, "false_positive": 93, "true_negative": 15498, "false_negative": 374, "precision": 0.7692307692307693, "recall": 0.45321637426900585, "f1": 0.5703771849126035}, "AUX": {"true_positive": 772, "false_positive": 139, "true_negative": 15305, "false_negative": 59, "precision": 0.8474204171240395, "recall": 0.9290012033694344, "f1": 0.886337543053961}, "CCONJ": {"true_positive": 543, "false_positive": 2, "true_negative": 15702, "false_negative": 28, "precision": 0.9963302752293578, "recall": 0.9509632224168126, "f1": 0.9731182795698925}, "DET": {"true_positive": 1209, "false_positive": 53, "true_negative": 14885, "false_negative": 128, "precision": 0.9580031695721077, "recall": 0.9042632759910246, "f1": 0.9303578299345903}, "INTJ": {"true_positive": 0, "false_positive": 0, "true_negative": 16193, "false_negative": 82, "precision": 0, "recall": 0.0, "f1": 0.0}, "NOUN": {"true_positive": 2638, "false_positive": 1095, "true_negative": 12250, "false_negative": 292, "precision": 0.7066702384141441, "recall": 0.9003412969283277, "f1": 0.7918355095302416}, "NUM": {"true_positive": 196, "false_positive": 4, "true_negative": 15991, "false_negative": 84, "precision": 0.98, "recall": 0.7, "f1": 0.8166666666666667}, "PART": {"true_positive": 315, "false_positive": 78, "true_negative": 15776, "false_negative": 106, "precision": 0.8015267175572519, "recall": 0.7482185273159145, "f1": 0.773955773955774}, "PRON": {"true_positive": 1173, "false_positive": 177, "true_negative": 14718, "false_negative": 207, "precision": 0.8688888888888889, "recall": 0.85, "f1": 0.8593406593406593}, "PROPN": {"true_positive": 648, "false_positive": 181, "true_negative": 15360, "false_negative": 86, "precision": 0.781664656212304, "recall": 0.8828337874659401, "f1": 0.8291746641074856}, "PUNCT": {"true_positive": 2146, "false_positive": 29, "true_negative": 14097, "false_negative": 3, "precision": 0.9866666666666667, "recall": 0.9986040018613308, "f1": 0.9925994449583718}, "SCONJ": {"true_positive": 111, "false_positive": 71, "true_negative": 15890, "false_negative": 203, "precision": 0.6098901098901099, "recall": 0.3535031847133758, "f1": 0.4475806451612903}, "SYM": {"true_positive": 0, "false_positive": 0, "true_negative": 16261, "false_negative": 14, "precision": 0, "recall": 0.0, "f1": 0.0}, "VERB": {"true_positive": 1493, "false_positive": 699, "true_negative": 13771, "false_negative": 312, "precision": 0.6811131386861314, "recall": 0.8271468144044322, "f1": 0.747060295221416}, "X": {"true_positive": 0, "false_positive": 0, "true_negative": 16262, "false_negative": 13, "precision": 0, "recall": 0.0, "f1": 0.0}, "macro_precision": 0.6831051378235398, "macro_recall": 0.6291347982106819, "macro_f1": 0.6433154237793245, "weighted_precision": 0.8187066672512711, "weighted_recall": 0.8191090629800307, "weighted_f1": 0.8064730312584201, "accuracy": 0.8191090629800307}