{"ADJ": {"true_positive": 63, "false_positive": 39, "true_negative": 15117, "false_negative": 1056, "precision": 0.6176470588235294, "recall": 0.05630026809651475, "f1": 0.10319410319410319}, "ADP": {"true_positive": 1425, "false_positive": 218, "true_negative": 14446, "false_negative": 186, "precision": 0.8673158855751674, "recall": 0.8845437616387337, "f1": 0.8758451137062078}, "ADV": {"true_positive": 253, "false_positive": 173, "true_negative": 15418, "false_negative": 431, "precision": 0.5938967136150235, "recall": 0.36988304093567254, "f1": 0.45585585585585586}, "AUX": {"true_positive": 774, "false_positive": 150, "true_negative": 15294, "false_negative": 57, "precision": 0.8376623376623377, "recall": 0.9314079422382672, "f1": 0.882051282051282}, "CCONJ": {"true_positive": 550, "false_positive": 6, "true_negative": 15698, "false_negative": 21, "precision": 0.9892086330935251, "recall": 0.9632224168126094, "f1": 0.9760425909494232}, "DET": {"true_positive": 1190, "false_positive": 58, "true_negative": 14880, "false_negative": 147, "precision": 0.9535256410256411, "recall": 0.8900523560209425, "f1": 0.9206963249516441}, "INTJ": {"true_positive": 0, "false_positive": 0, "true_negative": 16193, "false_negative": 82, "precision": 0, "recall": 0.0, "f1": 0.0}, "NOUN": {"true_positive": 2342, "false_positive": 1647, "true_negative": 11698, "false_negative": 588, "precision": 0.5871145650538983, "recall": 0.7993174061433447, "f1": 0.6769764416823241}, "NUM": {"true_positive": 167, "false_positive": 1, "true_negative": 15994, "false_negative": 113, "precision": 0.9940476190476191, "recall": 0.5964285714285714, "f1": 0.7455357142857143}, "PART": {"true_positive": 258, "false_positive": 43, "true_negative": 15811, "false_negative": 163, "precision": 0.8571428571428571, "recall": 0.6128266033254157, "f1": 0.7146814404432132}, "PRON": {"true_positive": 1021, "false_positive": 226, "true_negative": 14669, "false_negative": 359, "precision": 0.8187650360866079, "recall": 0.7398550724637681, "f1": 0.777312523791397}, "PROPN": {"true_positive": 456, "false_positive": 967, "true_negative": 14574, "false_negative": 278, "precision": 0.320449754040759, "recall": 0.6212534059945504, "f1": 0.4228094575799722}, "PUNCT": {"true_positive": 2139, "false_positive": 70, "true_negative": 14056, "false_negative": 10, "precision": 0.96831145314622, "recall": 0.9953466728711028, "f1": 0.981642955484167}, "SCONJ": {"true_positive": 65, "false_positive": 36, "true_negative": 15925, "false_negative": 249, "precision": 0.6435643564356436, "recall": 0.2070063694267516, "f1": 0.3132530120481928}, "SYM": {"true_positive": 0, "false_positive": 0, "true_negative": 16261, "false_negative": 14, "precision": 0, "recall": 0.0, "f1": 0.0}, "VERB": {"true_positive": 1200, "false_positive": 738, "true_negative": 13732, "false_negative": 605, "precision": 0.6191950464396285, "recall": 0.6648199445983379, "f1": 0.6411969008816457}, "X": {"true_positive": 0, "false_positive": 0, "true_negative": 16262, "false_negative": 13, "precision": 0, "recall": 0.0, "f1": 0.0}, "macro_precision": 0.6275204092463798, "macro_recall": 0.5489566959996813, "macro_f1": 0.5580643362885378, "weighted_precision": 0.74688707940782, "weighted_recall": 0.7313671274961597, "weighted_f1": 0.7128122798647619, "accuracy": 0.7313671274961597}