{"ADJ": {"true_positive": 328, "false_positive": 124, "true_negative": 15032, "false_negative": 791, "precision": 0.7256637168141593, "recall": 0.2931188561215371, "f1": 0.41756842775302355}, "ADP": {"true_positive": 1465, "false_positive": 232, "true_negative": 14432, "false_negative": 146, "precision": 0.8632881555686506, "recall": 0.909373060211049, "f1": 0.8857315598548973}, "ADV": {"true_positive": 320, "false_positive": 156, "true_negative": 15435, "false_negative": 364, "precision": 0.6722689075630253, "recall": 0.4678362573099415, "f1": 0.5517241379310345}, "AUX": {"true_positive": 772, "false_positive": 173, "true_negative": 15271, "false_negative": 59, "precision": 0.816931216931217, "recall": 0.9290012033694344, "f1": 0.8693693693693694}, "CCONJ": {"true_positive": 548, "false_positive": 30, "true_negative": 15674, "false_negative": 23, "precision": 0.9480968858131488, "recall": 0.9597197898423818, "f1": 0.9538729329852045}, "DET": {"true_positive": 1209, "false_positive": 102, "true_negative": 14836, "false_negative": 128, "precision": 0.9221967963386728, "recall": 0.9042632759910246, "f1": 0.9131419939577039}, "INTJ": {"true_positive": 0, "false_positive": 0, "true_negative": 16193, "false_negative": 82, "precision": 0, "recall": 0.0, "f1": 0.0}, "NOUN": {"true_positive": 2286, "false_positive": 1174, "true_negative": 12171, "false_negative": 644, "precision": 0.6606936416184971, "recall": 0.7802047781569966, "f1": 0.7154929577464789}, "NUM": {"true_positive": 135, "false_positive": 2, "true_negative": 15993, "false_negative": 145, "precision": 0.9854014598540146, "recall": 0.48214285714285715, "f1": 0.6474820143884892}, "PART": {"true_positive": 250, "false_positive": 45, "true_negative": 15809, "false_negative": 171, "precision": 0.847457627118644, "recall": 0.5938242280285035, "f1": 0.6983240223463687}, "PRON": {"true_positive": 985, "false_positive": 238, "true_negative": 14657, "false_negative": 395, "precision": 0.8053965658217498, "recall": 0.7137681159420289, "f1": 0.7568190549366116}, "PROPN": {"true_positive": 450, "false_positive": 863, "true_negative": 14678, "false_negative": 284, "precision": 0.3427265803503427, "recall": 0.6130790190735694, "f1": 0.4396678065461651}, "PUNCT": {"true_positive": 2135, "false_positive": 52, "true_negative": 14074, "false_negative": 14, "precision": 0.9762231367169639, "recall": 0.993485342019544, "f1": 0.9847785977859779}, "SCONJ": {"true_positive": 108, "false_positive": 55, "true_negative": 15906, "false_negative": 206, "precision": 0.6625766871165644, "recall": 0.34394904458598724, "f1": 0.4528301886792453}, "SYM": {"true_positive": 0, "false_positive": 0, "true_negative": 16261, "false_negative": 14, "precision": 0, "recall": 0.0, "f1": 0.0}, "VERB": {"true_positive": 1401, "false_positive": 637, "true_negative": 13833, "false_negative": 404, "precision": 0.6874386653581943, "recall": 0.7761772853185596, "f1": 0.7291178766588603}, "X": {"true_positive": 0, "false_positive": 0, "true_negative": 16262, "false_negative": 13, "precision": 0, "recall": 0.0, "f1": 0.0}, "macro_precision": 0.6421388260578732, "macro_recall": 0.5741143007713774, "macro_f1": 0.5891718200552606, "weighted_precision": 0.7738328437691883, "weighted_recall": 0.7614132104454685, "weighted_f1": 0.7540937648685981, "accuracy": 0.7614132104454685}