{"ADJ": {"true_positive": 330, "false_positive": 128, "true_negative": 15028, "false_negative": 789, "precision": 0.7205240174672489, "recall": 0.2949061662198391, "f1": 0.4185161699429296}, "ADP": {"true_positive": 1420, "false_positive": 227, "true_negative": 14437, "false_negative": 191, "precision": 0.8621736490588949, "recall": 0.8814400993171942, "f1": 0.8717004297114794}, "ADV": {"true_positive": 320, "false_positive": 200, "true_negative": 15391, "false_negative": 364, "precision": 0.6153846153846154, "recall": 0.4678362573099415, "f1": 0.53156146179402}, "AUX": {"true_positive": 782, "false_positive": 212, "true_negative": 15232, "false_negative": 49, "precision": 0.7867203219315896, "recall": 0.941034897713598, "f1": 0.856986301369863}, "CCONJ": {"true_positive": 540, "false_positive": 17, "true_negative": 15687, "false_negative": 31, "precision": 0.9694793536804309, "recall": 0.9457092819614711, "f1": 0.9574468085106383}, "DET": {"true_positive": 1169, "false_positive": 76, "true_negative": 14862, "false_negative": 168, "precision": 0.9389558232931727, "recall": 0.8743455497382199, "f1": 0.9054996127033308}, "INTJ": {"true_positive": 0, "false_positive": 0, "true_negative": 16193, "false_negative": 82, "precision": 0, "recall": 0.0, "f1": 0.0}, "NOUN": {"true_positive": 2605, "false_positive": 1168, "true_negative": 12177, "false_negative": 325, "precision": 0.6904320169626292, "recall": 0.8890784982935154, "f1": 0.7772639116813367}, "NUM": {"true_positive": 142, "false_positive": 17, "true_negative": 15978, "false_negative": 138, "precision": 0.8930817610062893, "recall": 0.5071428571428571, "f1": 0.6469248291571754}, "PART": {"true_positive": 234, "false_positive": 54, "true_negative": 15800, "false_negative": 187, "precision": 0.8125, "recall": 0.5558194774346793, "f1": 0.6600846262341326}, "PRON": {"true_positive": 1045, "false_positive": 230, "true_negative": 14665, "false_negative": 335, "precision": 0.8196078431372549, "recall": 0.7572463768115942, "f1": 0.7871939736346516}, "PROPN": {"true_positive": 607, "false_positive": 337, "true_negative": 15204, "false_negative": 127, "precision": 0.6430084745762712, "recall": 0.8269754768392371, "f1": 0.7234803337306317}, "PUNCT": {"true_positive": 2144, "false_positive": 151, "true_negative": 13975, "false_negative": 5, "precision": 0.9342047930283225, "recall": 0.9976733364355514, "f1": 0.9648964896489649}, "SCONJ": {"true_positive": 83, "false_positive": 45, "true_negative": 15916, "false_negative": 231, "precision": 0.6484375, "recall": 0.2643312101910828, "f1": 0.3755656108597285}, "SYM": {"true_positive": 0, "false_positive": 0, "true_negative": 16261, "false_negative": 14, "precision": 0, "recall": 0.0, "f1": 0.0}, "VERB": {"true_positive": 1428, "false_positive": 564, "true_negative": 13906, "false_negative": 377, "precision": 0.7168674698795181, "recall": 0.7911357340720222, "f1": 0.7521727679747169}, "X": {"true_positive": 0, "false_positive": 0, "true_negative": 16262, "false_negative": 13, "precision": 0, "recall": 0.0, "f1": 0.0}, "macro_precision": 0.6500810376121317, "macro_recall": 0.5879220717341649, "macro_f1": 0.6017231368796234, "weighted_precision": 0.7866145585452236, "weighted_recall": 0.7894930875576037, "weighted_f1": 0.7747262578463697, "accuracy": 0.7894930875576037}