{"ADJ": {"true_positive": 118, "false_positive": 89, "true_negative": 15067, "false_negative": 1001, "precision": 0.5700483091787439, "recall": 0.10545129579982127, "f1": 0.1779788838612368}, "ADP": {"true_positive": 1390, "false_positive": 193, "true_negative": 14471, "false_negative": 221, "precision": 0.8780795957043588, "recall": 0.8628181253879578, "f1": 0.8703819661865999}, "ADV": {"true_positive": 278, "false_positive": 164, "true_negative": 15427, "false_negative": 406, "precision": 0.6289592760180995, "recall": 0.4064327485380117, "f1": 0.4937833037300178}, "AUX": {"true_positive": 782, "false_positive": 179, "true_negative": 15265, "false_negative": 49, "precision": 0.813735691987513, "recall": 0.941034897713598, "f1": 0.8727678571428571}, "CCONJ": {"true_positive": 551, "false_positive": 12, "true_negative": 15692, "false_negative": 20, "precision": 0.9786856127886323, "recall": 0.9649737302977233, "f1": 0.9717813051146384}, "DET": {"true_positive": 1179, "false_positive": 58, "true_negative": 14880, "false_negative": 158, "precision": 0.9531123686337915, "recall": 0.8818249813014211, "f1": 0.916083916083916}, "INTJ": {"true_positive": 0, "false_positive": 0, "true_negative": 16193, "false_negative": 82, "precision": 0, "recall": 0.0, "f1": 0.0}, "NOUN": {"true_positive": 2664, "false_positive": 1601, "true_negative": 11744, "false_negative": 266, "precision": 0.6246189917936694, "recall": 0.9092150170648464, "f1": 0.7405142460041696}, "NUM": {"true_positive": 130, "false_positive": 2, "true_negative": 15993, "false_negative": 150, "precision": 0.9848484848484849, "recall": 0.4642857142857143, "f1": 0.6310679611650486}, "PART": {"true_positive": 318, "false_positive": 93, "true_negative": 15761, "false_negative": 103, "precision": 0.7737226277372263, "recall": 0.7553444180522565, "f1": 0.7644230769230769}, "PRON": {"true_positive": 1158, "false_positive": 207, "true_negative": 14688, "false_negative": 222, "precision": 0.8483516483516483, "recall": 0.8391304347826087, "f1": 0.8437158469945355}, "PROPN": {"true_positive": 652, "false_positive": 268, "true_negative": 15273, "false_negative": 82, "precision": 0.7086956521739131, "recall": 0.888283378746594, "f1": 0.788391777509069}, "PUNCT": {"true_positive": 2142, "false_positive": 54, "true_negative": 14072, "false_negative": 7, "precision": 0.9754098360655737, "recall": 0.996742671009772, "f1": 0.9859608745684695}, "SCONJ": {"true_positive": 95, "false_positive": 49, "true_negative": 15912, "false_negative": 219, "precision": 0.6597222222222222, "recall": 0.30254777070063693, "f1": 0.4148471615720524}, "SYM": {"true_positive": 0, "false_positive": 0, "true_negative": 16261, "false_negative": 14, "precision": 0, "recall": 0.0, "f1": 0.0}, "VERB": {"true_positive": 1237, "false_positive": 612, "true_negative": 13858, "false_negative": 568, "precision": 0.6690102758247701, "recall": 0.6853185595567867, "f1": 0.6770662287903667}, "X": {"true_positive": 0, "false_positive": 0, "true_negative": 16262, "false_negative": 13, "precision": 0, "recall": 0.0, "f1": 0.0}, "macro_precision": 0.6510000349016851, "macro_recall": 0.5884355143081029, "macro_f1": 0.5969861415085914, "weighted_precision": 0.7757567992634199, "weighted_recall": 0.779969278033794, "weighted_f1": 0.7573876926957958, "accuracy": 0.7799692780337941}