{"ADJ": {"true_positive": 371, "false_positive": 139, "true_negative": 15017, "false_negative": 748, "precision": 0.7274509803921568, "recall": 0.3315460232350313, "f1": 0.4554941682013505}, "ADP": {"true_positive": 1428, "false_positive": 216, "true_negative": 14448, "false_negative": 183, "precision": 0.8686131386861314, "recall": 0.8864059590316573, "f1": 0.8774193548387097}, "ADV": {"true_positive": 314, "false_positive": 184, "true_negative": 15407, "false_negative": 370, "precision": 0.6305220883534136, "recall": 0.4590643274853801, "f1": 0.5313028764805414}, "AUX": {"true_positive": 772, "false_positive": 177, "true_negative": 15267, "false_negative": 59, "precision": 0.8134878819810326, "recall": 0.9290012033694344, "f1": 0.8674157303370786}, "CCONJ": {"true_positive": 549, "false_positive": 23, "true_negative": 15681, "false_negative": 22, "precision": 0.9597902097902098, "recall": 0.9614711033274956, "f1": 0.9606299212598425}, "DET": {"true_positive": 1175, "false_positive": 77, "true_negative": 14861, "false_negative": 162, "precision": 0.9384984025559105, "recall": 0.8788332086761406, "f1": 0.9076863653920433}, "INTJ": {"true_positive": 0, "false_positive": 0, "true_negative": 16193, "false_negative": 82, "precision": 0, "recall": 0.0, "f1": 0.0}, "NOUN": {"true_positive": 2624, "false_positive": 1053, "true_negative": 12292, "false_negative": 306, "precision": 0.713625237965733, "recall": 0.8955631399317406, "f1": 0.7943090661419706}, "NUM": {"true_positive": 192, "false_positive": 3, "true_negative": 15992, "false_negative": 88, "precision": 0.9846153846153847, "recall": 0.6857142857142857, "f1": 0.8084210526315789}, "PART": {"true_positive": 292, "false_positive": 81, "true_negative": 15773, "false_negative": 129, "precision": 0.7828418230563002, "recall": 0.6935866983372921, "f1": 0.7355163727959698}, "PRON": {"true_positive": 1193, "false_positive": 268, "true_negative": 14627, "false_negative": 187, "precision": 0.8165639972621492, "recall": 0.8644927536231884, "f1": 0.8398451249560014}, "PROPN": {"true_positive": 650, "false_positive": 193, "true_negative": 15348, "false_negative": 84, "precision": 0.7710557532621589, "recall": 0.885558583106267, "f1": 0.8243500317057705}, "PUNCT": {"true_positive": 2148, "false_positive": 31, "true_negative": 14095, "false_negative": 1, "precision": 0.9857732905002294, "recall": 0.9995346672871103, "f1": 0.9926062846580407}, "SCONJ": {"true_positive": 89, "false_positive": 21, "true_negative": 15940, "false_negative": 225, "precision": 0.8090909090909091, "recall": 0.28343949044585987, "f1": 0.419811320754717}, "SYM": {"true_positive": 0, "false_positive": 0, "true_negative": 16261, "false_negative": 14, "precision": 0, "recall": 0.0, "f1": 0.0}, "VERB": {"true_positive": 1445, "false_positive": 567, "true_negative": 13903, "false_negative": 360, "precision": 0.7181908548707754, "recall": 0.8005540166204986, "f1": 0.7571391144878177}, "X": {"true_positive": 0, "false_positive": 0, "true_negative": 16262, "false_negative": 13, "precision": 0, "recall": 0.0, "f1": 0.0}, "macro_precision": 0.6776541148460291, "macro_recall": 0.620868556481846, "macro_f1": 0.6336439285083195, "weighted_precision": 0.8099091408409034, "weighted_recall": 0.8136405529953917, "weighted_f1": 0.8005230942637582, "accuracy": 0.8136405529953917}