{"ADJ": {"true_positive": 348, "false_positive": 105, "true_negative": 15051, "false_negative": 771, "precision": 0.7682119205298014, "recall": 0.3109919571045576, "f1": 0.44274809160305345}, "ADP": {"true_positive": 1462, "false_positive": 254, "true_negative": 14410, "false_negative": 149, "precision": 0.8519813519813519, "recall": 0.9075108628181254, "f1": 0.8788698527201683}, "ADV": {"true_positive": 322, "false_positive": 146, "true_negative": 15445, "false_negative": 362, "precision": 0.688034188034188, "recall": 0.47076023391812866, "f1": 0.5590277777777778}, "AUX": {"true_positive": 780, "false_positive": 131, "true_negative": 15313, "false_negative": 51, "precision": 0.8562019758507134, "recall": 0.9386281588447654, "f1": 0.8955223880597015}, "CCONJ": {"true_positive": 532, "false_positive": 6, "true_negative": 15698, "false_negative": 39, "precision": 0.9888475836431226, "recall": 0.9316987740805605, "f1": 0.9594229035166817}, "DET": {"true_positive": 1200, "false_positive": 75, "true_negative": 14863, "false_negative": 137, "precision": 0.9411764705882353, "recall": 0.8975317875841436, "f1": 0.9188361408882083}, "INTJ": {"true_positive": 0, "false_positive": 0, "true_negative": 16193, "false_negative": 82, "precision": 0, "recall": 0.0, "f1": 0.0}, "NOUN": {"true_positive": 2337, "false_positive": 1213, "true_negative": 12132, "false_negative": 593, "precision": 0.6583098591549296, "recall": 0.7976109215017065, "f1": 0.7212962962962963}, "NUM": {"true_positive": 142, "false_positive": 7, "true_negative": 15988, "false_negative": 138, "precision": 0.9530201342281879, "recall": 0.5071428571428571, "f1": 0.662004662004662}, "PART": {"true_positive": 316, "false_positive": 55, "true_negative": 15799, "false_negative": 105, "precision": 0.8517520215633423, "recall": 0.7505938242280285, "f1": 0.797979797979798}, "PRON": {"true_positive": 1035, "false_positive": 195, "true_negative": 14700, "false_negative": 345, "precision": 0.8414634146341463, "recall": 0.75, "f1": 0.7931034482758621}, "PROPN": {"true_positive": 464, "false_positive": 872, "true_negative": 14669, "false_negative": 270, "precision": 0.3473053892215569, "recall": 0.6321525885558583, "f1": 0.44830917874396137}, "PUNCT": {"true_positive": 2140, "false_positive": 82, "true_negative": 14044, "false_negative": 9, "precision": 0.963096309630963, "recall": 0.9958120055839925, "f1": 0.9791809654541295}, "SCONJ": {"true_positive": 82, "false_positive": 25, "true_negative": 15936, "false_negative": 232, "precision": 0.7663551401869159, "recall": 0.2611464968152866, "f1": 0.38954869358669836}, "SYM": {"true_positive": 0, "false_positive": 0, "true_negative": 16261, "false_negative": 14, "precision": 0, "recall": 0.0, "f1": 0.0}, "VERB": {"true_positive": 1363, "false_positive": 586, "true_negative": 13884, "false_negative": 442, "precision": 0.6993329912775782, "recall": 0.7551246537396122, "f1": 0.7261587639850826}, "X": {"true_positive": 0, "false_positive": 0, "true_negative": 16262, "false_negative": 13, "precision": 0, "recall": 0.0, "f1": 0.0}, "macro_precision": 0.6573581617955901, "macro_recall": 0.5827473601128015, "macro_f1": 0.5983534682877695, "weighted_precision": 0.7852733371207519, "weighted_recall": 0.7694623655913979, "weighted_f1": 0.7625012809712508, "accuracy": 0.7694623655913978}