{"ADJ": {"true_positive": 111, "false_positive": 83, "true_negative": 15073, "false_negative": 1008, "precision": 0.5721649484536082, "recall": 0.09919571045576407, "f1": 0.16907844630616908}, "ADP": {"true_positive": 1410, "false_positive": 234, "true_negative": 14430, "false_negative": 201, "precision": 0.8576642335766423, "recall": 0.8752327746741154, "f1": 0.8663594470046083}, "ADV": {"true_positive": 218, "false_positive": 216, "true_negative": 15375, "false_negative": 466, "precision": 0.5023041474654378, "recall": 0.31871345029239767, "f1": 0.38998211091234347}, "AUX": {"true_positive": 736, "false_positive": 220, "true_negative": 15224, "false_negative": 95, "precision": 0.7698744769874477, "recall": 0.8856799037304453, "f1": 0.8237269166200336}, "CCONJ": {"true_positive": 525, "false_positive": 7, "true_negative": 15697, "false_negative": 46, "precision": 0.9868421052631579, "recall": 0.9194395796847635, "f1": 0.9519492293744334}, "DET": {"true_positive": 1190, "false_positive": 58, "true_negative": 14880, "false_negative": 147, "precision": 0.9535256410256411, "recall": 0.8900523560209425, "f1": 0.9206963249516441}, "INTJ": {"true_positive": 0, "false_positive": 0, "true_negative": 16193, "false_negative": 82, "precision": 0, "recall": 0.0, "f1": 0.0}, "NOUN": {"true_positive": 2647, "false_positive": 1609, "true_negative": 11736, "false_negative": 283, "precision": 0.6219454887218046, "recall": 0.9034129692832764, "f1": 0.7367102699693849}, "NUM": {"true_positive": 116, "false_positive": 3, "true_negative": 15992, "false_negative": 164, "precision": 0.9747899159663865, "recall": 0.4142857142857143, "f1": 0.581453634085213}, "PART": {"true_positive": 201, "false_positive": 31, "true_negative": 15823, "false_negative": 220, "precision": 0.8663793103448276, "recall": 0.47743467933491684, "f1": 0.6156202143950995}, "PRON": {"true_positive": 1152, "false_positive": 249, "true_negative": 14646, "false_negative": 228, "precision": 0.8222698072805139, "recall": 0.8347826086956521, "f1": 0.8284789644012945}, "PROPN": {"true_positive": 602, "false_positive": 260, "true_negative": 15281, "false_negative": 132, "precision": 0.6983758700696056, "recall": 0.8201634877384196, "f1": 0.7543859649122807}, "PUNCT": {"true_positive": 2139, "false_positive": 243, "true_negative": 13883, "false_negative": 10, "precision": 0.8979848866498741, "recall": 0.9953466728711028, "f1": 0.9441624365482234}, "SCONJ": {"true_positive": 50, "false_positive": 9, "true_negative": 15952, "false_negative": 264, "precision": 0.847457627118644, "recall": 0.1592356687898089, "f1": 0.2680965147453083}, "SYM": {"true_positive": 0, "false_positive": 0, "true_negative": 16261, "false_negative": 14, "precision": 0, "recall": 0.0, "f1": 0.0}, "VERB": {"true_positive": 1233, "false_positive": 723, "true_negative": 13747, "false_negative": 572, "precision": 0.6303680981595092, "recall": 0.6831024930747922, "f1": 0.6556766817335815}, "X": {"true_positive": 0, "false_positive": 0, "true_negative": 16262, "false_negative": 13, "precision": 0, "recall": 0.0, "f1": 0.0}, "macro_precision": 0.6471733268872412, "macro_recall": 0.5456516511136537, "macro_f1": 0.5591986562329186, "weighted_precision": 0.7548175123363212, "weighted_recall": 0.7576036866359447, "weighted_f1": 0.7302581234276274, "accuracy": 0.7576036866359447}