{"ADJ": {"true_positive": 164, "false_positive": 86, "true_negative": 15070, "false_negative": 955, "precision": 0.656, "recall": 0.14655942806076855, "f1": 0.239590942293645}, "ADP": {"true_positive": 1406, "false_positive": 209, "true_negative": 14455, "false_negative": 205, "precision": 0.8705882352941177, "recall": 0.8727498448168839, "f1": 0.8716676999380037}, "ADV": {"true_positive": 230, "false_positive": 113, "true_negative": 15478, "false_negative": 454, "precision": 0.6705539358600583, "recall": 0.3362573099415205, "f1": 0.44790652385589097}, "AUX": {"true_positive": 776, "false_positive": 168, "true_negative": 15276, "false_negative": 55, "precision": 0.8220338983050848, "recall": 0.9338146811070999, "f1": 0.8743661971830986}, "CCONJ": {"true_positive": 550, "false_positive": 2, "true_negative": 15702, "false_negative": 21, "precision": 0.9963768115942029, "recall": 0.9632224168126094, "f1": 0.9795191451469278}, "DET": {"true_positive": 1209, "false_positive": 62, "true_negative": 14876, "false_negative": 128, "precision": 0.9512195121951219, "recall": 0.9042632759910246, "f1": 0.9271472392638037}, "INTJ": {"true_positive": 0, "false_positive": 0, "true_negative": 16193, "false_negative": 82, "precision": 0, "recall": 0.0, "f1": 0.0}, "NOUN": {"true_positive": 2634, "false_positive": 1429, "true_negative": 11916, "false_negative": 296, "precision": 0.6482894412995324, "recall": 0.898976109215017, "f1": 0.7533247533247533}, "NUM": {"true_positive": 191, "false_positive": 3, "true_negative": 15992, "false_negative": 89, "precision": 0.9845360824742269, "recall": 0.6821428571428572, "f1": 0.8059071729957806}, "PART": {"true_positive": 293, "false_positive": 73, "true_negative": 15781, "false_negative": 128, "precision": 0.8005464480874317, "recall": 0.6959619952494062, "f1": 0.7445997458703939}, "PRON": {"true_positive": 1195, "false_positive": 246, "true_negative": 14649, "false_negative": 185, "precision": 0.8292852185981957, "recall": 0.8659420289855072, "f1": 0.847217298830202}, "PROPN": {"true_positive": 687, "false_positive": 206, "true_negative": 15335, "false_negative": 47, "precision": 0.7693169092945129, "recall": 0.9359673024523161, "f1": 0.844499078057775}, "PUNCT": {"true_positive": 2148, "false_positive": 49, "true_negative": 14077, "false_negative": 1, "precision": 0.9776968593536641, "recall": 0.9995346672871103, "f1": 0.9884951679705476}, "SCONJ": {"true_positive": 88, "false_positive": 50, "true_negative": 15911, "false_negative": 226, "precision": 0.6376811594202898, "recall": 0.2802547770700637, "f1": 0.3893805309734513}, "SYM": {"true_positive": 0, "false_positive": 0, "true_negative": 16261, "false_negative": 14, "precision": 0, "recall": 0.0, "f1": 0.0}, "VERB": {"true_positive": 1321, "false_positive": 687, "true_negative": 13783, "false_negative": 484, "precision": 0.6578685258964143, "recall": 0.7318559556786703, "f1": 0.6928927353789667}, "X": {"true_positive": 0, "false_positive": 0, "true_negative": 16262, "false_negative": 13, "precision": 0, "recall": 0.0, "f1": 0.0}, "macro_precision": 0.6630584139807562, "macro_recall": 0.6027942735182856, "macro_f1": 0.6121478959460729, "weighted_precision": 0.7882702251175867, "weighted_recall": 0.7921351766513055, "weighted_f1": 0.7703123690570306, "accuracy": 0.7921351766513057}