{"ADJ": {"true_positive": 75, "false_positive": 35, "true_negative": 15121, "false_negative": 1044, "precision": 0.6818181818181818, "recall": 0.06702412868632708, "f1": 0.12205044751830757}, "ADP": {"true_positive": 1388, "false_positive": 231, "true_negative": 14433, "false_negative": 223, "precision": 0.8573193329215565, "recall": 0.861576660459342, "f1": 0.8594427244582044}, "ADV": {"true_positive": 239, "false_positive": 255, "true_negative": 15336, "false_negative": 445, "precision": 0.48380566801619435, "recall": 0.34941520467836257, "f1": 0.4057724957555178}, "AUX": {"true_positive": 754, "false_positive": 226, "true_negative": 15218, "false_negative": 77, "precision": 0.7693877551020408, "recall": 0.9073405535499398, "f1": 0.8326891220320265}, "CCONJ": {"true_positive": 513, "false_positive": 7, "true_negative": 15697, "false_negative": 58, "precision": 0.9865384615384616, "recall": 0.8984238178633975, "f1": 0.9404216315307058}, "DET": {"true_positive": 1214, "false_positive": 102, "true_negative": 14836, "false_negative": 123, "precision": 0.9224924012158054, "recall": 0.9080029917726253, "f1": 0.9151903505465511}, "INTJ": {"true_positive": 2, "false_positive": 1, "true_negative": 16192, "false_negative": 80, "precision": 0.6666666666666666, "recall": 0.024390243902439025, "f1": 0.047058823529411764}, "NOUN": {"true_positive": 1855, "false_positive": 1239, "true_negative": 12106, "false_negative": 1075, "precision": 0.5995475113122172, "recall": 0.6331058020477816, "f1": 0.6158698539176627}, "NUM": {"true_positive": 155, "false_positive": 2, "true_negative": 15993, "false_negative": 125, "precision": 0.9872611464968153, "recall": 0.5535714285714286, "f1": 0.7093821510297483}, "PART": {"true_positive": 214, "false_positive": 41, "true_negative": 15813, "false_negative": 207, "precision": 0.8392156862745098, "recall": 0.5083135391923991, "f1": 0.6331360946745562}, "PRON": {"true_positive": 991, "false_positive": 199, "true_negative": 14696, "false_negative": 389, "precision": 0.8327731092436975, "recall": 0.7181159420289855, "f1": 0.7712062256809339}, "PROPN": {"true_positive": 536, "false_positive": 1760, "true_negative": 13781, "false_negative": 198, "precision": 0.23344947735191637, "recall": 0.7302452316076294, "f1": 0.3537953795379538}, "PUNCT": {"true_positive": 2138, "false_positive": 34, "true_negative": 14092, "false_negative": 11, "precision": 0.9843462246777164, "recall": 0.9948813401582132, "f1": 0.9895857440407313}, "SCONJ": {"true_positive": 47, "false_positive": 30, "true_negative": 15931, "false_negative": 267, "precision": 0.6103896103896104, "recall": 0.14968152866242038, "f1": 0.24040920716112532}, "SYM": {"true_positive": 0, "false_positive": 0, "true_negative": 16261, "false_negative": 14, "precision": 0, "recall": 0.0, "f1": 0.0}, "VERB": {"true_positive": 1151, "false_positive": 841, "true_negative": 13629, "false_negative": 654, "precision": 0.5778112449799196, "recall": 0.6376731301939058, "f1": 0.6062681063997893}, "X": {"true_positive": 0, "false_positive": 0, "true_negative": 16262, "false_negative": 13, "precision": 0, "recall": 0.0, "f1": 0.0}, "macro_precision": 0.6489895575297241, "macro_recall": 0.5259859731397175, "macro_f1": 0.5318987269301898, "weighted_precision": 0.7387219891082208, "weighted_recall": 0.6925960061443933, "weighted_f1": 0.6848016810067027, "accuracy": 0.6925960061443932}