{"ADJ": {"true_positive": 166, "false_positive": 80, "true_negative": 15076, "false_negative": 953, "precision": 0.6747967479674797, "recall": 0.1483467381590706, "f1": 0.24322344322344322}, "ADP": {"true_positive": 1433, "false_positive": 253, "true_negative": 14411, "false_negative": 178, "precision": 0.8499406880189798, "recall": 0.8895096213531968, "f1": 0.8692750985744616}, "ADV": {"true_positive": 275, "false_positive": 221, "true_negative": 15370, "false_negative": 409, "precision": 0.5544354838709677, "recall": 0.402046783625731, "f1": 0.4661016949152542}, "AUX": {"true_positive": 781, "false_positive": 198, "true_negative": 15246, "false_negative": 50, "precision": 0.797752808988764, "recall": 0.9398315282791817, "f1": 0.8629834254143647}, "CCONJ": {"true_positive": 548, "false_positive": 9, "true_negative": 15695, "false_negative": 23, "precision": 0.9838420107719928, "recall": 0.9597197898423818, "f1": 0.9716312056737588}, "DET": {"true_positive": 1193, "false_positive": 79, "true_negative": 14859, "false_negative": 144, "precision": 0.9378930817610063, "recall": 0.8922961854899027, "f1": 0.9145266385588348}, "INTJ": {"true_positive": 0, "false_positive": 0, "true_negative": 16193, "false_negative": 82, "precision": 0, "recall": 0.0, "f1": 0.0}, "NOUN": {"true_positive": 2291, "false_positive": 1452, "true_negative": 11893, "false_negative": 639, "precision": 0.6120758749666043, "recall": 0.7819112627986348, "f1": 0.6866476846995354}, "NUM": {"true_positive": 182, "false_positive": 1, "true_negative": 15994, "false_negative": 98, "precision": 0.994535519125683, "recall": 0.65, "f1": 0.7861771058315334}, "PART": {"true_positive": 201, "false_positive": 12, "true_negative": 15842, "false_negative": 220, "precision": 0.9436619718309859, "recall": 0.47743467933491684, "f1": 0.6340694006309149}, "PRON": {"true_positive": 1022, "false_positive": 217, "true_negative": 14678, "false_negative": 358, "precision": 0.8248587570621468, "recall": 0.7405797101449275, "f1": 0.7804505536464299}, "PROPN": {"true_positive": 493, "false_positive": 1068, "true_negative": 14473, "false_negative": 241, "precision": 0.31582319026265215, "recall": 0.6716621253405994, "f1": 0.42962962962962964}, "PUNCT": {"true_positive": 2145, "false_positive": 54, "true_negative": 14072, "false_negative": 4, "precision": 0.975443383356071, "recall": 0.9981386691484412, "f1": 0.9866605335786569}, "SCONJ": {"true_positive": 61, "false_positive": 15, "true_negative": 15946, "false_negative": 253, "precision": 0.8026315789473685, "recall": 0.1942675159235669, "f1": 0.3128205128205128}, "SYM": {"true_positive": 0, "false_positive": 0, "true_negative": 16261, "false_negative": 14, "precision": 0, "recall": 0.0, "f1": 0.0}, "VERB": {"true_positive": 1176, "false_positive": 649, "true_negative": 13821, "false_negative": 629, "precision": 0.6443835616438356, "recall": 0.6515235457063712, "f1": 0.6479338842975206}, "X": {"true_positive": 0, "false_positive": 0, "true_negative": 16262, "false_negative": 13, "precision": 0, "recall": 0.0, "f1": 0.0}, "macro_precision": 0.6418867446220317, "macro_recall": 0.5527804797145248, "macro_f1": 0.5642429889114619, "weighted_precision": 0.7577803400314835, "weighted_recall": 0.7352995391705068, "weighted_f1": 0.7229152541503068, "accuracy": 0.7352995391705069}