{"ADJ": {"true_positive": 210, "false_positive": 131, "true_negative": 15025, "false_negative": 909, "precision": 0.6158357771260997, "recall": 0.1876675603217158, "f1": 0.2876712328767123}, "ADP": {"true_positive": 1416, "false_positive": 213, "true_negative": 14451, "false_negative": 195, "precision": 0.8692449355432781, "recall": 0.8789571694599627, "f1": 0.8740740740740741}, "ADV": {"true_positive": 283, "false_positive": 183, "true_negative": 15408, "false_negative": 401, "precision": 0.6072961373390557, "recall": 0.4137426900584795, "f1": 0.49217391304347824}, "AUX": {"true_positive": 771, "false_positive": 143, "true_negative": 15301, "false_negative": 60, "precision": 0.8435448577680525, "recall": 0.927797833935018, "f1": 0.8836676217765043}, "CCONJ": {"true_positive": 551, "false_positive": 4, "true_negative": 15700, "false_negative": 20, "precision": 0.9927927927927928, "recall": 0.9649737302977233, "f1": 0.9786856127886323}, "DET": {"true_positive": 1201, "false_positive": 45, "true_negative": 14893, "false_negative": 136, "precision": 0.963884430176565, "recall": 0.8982797307404637, "f1": 0.9299264421215641}, "INTJ": {"true_positive": 0, "false_positive": 0, "true_negative": 16193, "false_negative": 82, "precision": 0, "recall": 0.0, "f1": 0.0}, "NOUN": {"true_positive": 2629, "false_positive": 1384, "true_negative": 11961, "false_negative": 301, "precision": 0.6551208572140543, "recall": 0.8972696245733789, "f1": 0.7573095203802391}, "NUM": {"true_positive": 137, "false_positive": 1, "true_negative": 15994, "false_negative": 143, "precision": 0.9927536231884058, "recall": 0.48928571428571427, "f1": 0.6555023923444976}, "PART": {"true_positive": 329, "false_positive": 85, "true_negative": 15769, "false_negative": 92, "precision": 0.7946859903381642, "recall": 0.7814726840855107, "f1": 0.7880239520958083}, "PRON": {"true_positive": 1225, "false_positive": 202, "true_negative": 14693, "false_negative": 155, "precision": 0.8584442887175894, "recall": 0.8876811594202898, "f1": 0.8728179551122195}, "PROPN": {"true_positive": 669, "false_positive": 237, "true_negative": 15304, "false_negative": 65, "precision": 0.7384105960264901, "recall": 0.9114441416893733, "f1": 0.8158536585365853}, "PUNCT": {"true_positive": 2146, "false_positive": 38, "true_negative": 14088, "false_negative": 3, "precision": 0.9826007326007326, "recall": 0.9986040018613308, "f1": 0.990537733671821}, "SCONJ": {"true_positive": 85, "false_positive": 8, "true_negative": 15953, "false_negative": 229, "precision": 0.9139784946236559, "recall": 0.27070063694267515, "f1": 0.4176904176904177}, "SYM": {"true_positive": 0, "false_positive": 0, "true_negative": 16261, "false_negative": 14, "precision": 0, "recall": 0.0, "f1": 0.0}, "VERB": {"true_positive": 1283, "false_positive": 666, "true_negative": 13804, "false_negative": 522, "precision": 0.6582863006670088, "recall": 0.710803324099723, "f1": 0.6835375599360682}, "X": {"true_positive": 0, "false_positive": 0, "true_negative": 16262, "false_negative": 13, "precision": 0, "recall": 0.0, "f1": 0.0}, "macro_precision": 0.6756988125954085, "macro_recall": 0.6010988236336093, "macro_f1": 0.6133807109675659, "weighted_precision": 0.7930530105493709, "weighted_recall": 0.7947772657450076, "weighted_f1": 0.7763010764659279, "accuracy": 0.7947772657450077}