{"ADJ": {"true_positive": 49, "false_positive": 56, "true_negative": 15100, "false_negative": 1070, "precision": 0.4666666666666667, "recall": 0.043789097408400354, "f1": 0.08006535947712418}, "ADP": {"true_positive": 1438, "false_positive": 259, "true_negative": 14405, "false_negative": 173, "precision": 0.8473777253977608, "recall": 0.8926132836747361, "f1": 0.8694074969770254}, "ADV": {"true_positive": 205, "false_positive": 173, "true_negative": 15418, "false_negative": 479, "precision": 0.5423280423280423, "recall": 0.2997076023391813, "f1": 0.3860640301318267}, "AUX": {"true_positive": 772, "false_positive": 224, "true_negative": 15220, "false_negative": 59, "precision": 0.7751004016064257, "recall": 0.9290012033694344, "f1": 0.8451012588943624}, "CCONJ": {"true_positive": 533, "false_positive": 2, "true_negative": 15702, "false_negative": 38, "precision": 0.9962616822429906, "recall": 0.9334500875656743, "f1": 0.9638336347197106}, "DET": {"true_positive": 1207, "false_positive": 64, "true_negative": 14874, "false_negative": 130, "precision": 0.9496459480723839, "recall": 0.9027673896783844, "f1": 0.9256134969325154}, "INTJ": {"true_positive": 0, "false_positive": 0, "true_negative": 16193, "false_negative": 82, "precision": 0, "recall": 0.0, "f1": 0.0}, "NOUN": {"true_positive": 2680, "false_positive": 1663, "true_negative": 11682, "false_negative": 250, "precision": 0.6170849643103845, "recall": 0.9146757679180887, "f1": 0.7369723635363674}, "NUM": {"true_positive": 157, "false_positive": 3, "true_negative": 15992, "false_negative": 123, "precision": 0.98125, "recall": 0.5607142857142857, "f1": 0.7136363636363636}, "PART": {"true_positive": 247, "false_positive": 28, "true_negative": 15826, "false_negative": 174, "precision": 0.8981818181818182, "recall": 0.5866983372921615, "f1": 0.7097701149425287}, "PRON": {"true_positive": 1094, "false_positive": 194, "true_negative": 14701, "false_negative": 286, "precision": 0.8493788819875776, "recall": 0.7927536231884058, "f1": 0.8200899550224887}, "PROPN": {"true_positive": 626, "false_positive": 320, "true_negative": 15221, "false_negative": 108, "precision": 0.6617336152219874, "recall": 0.8528610354223434, "f1": 0.7452380952380953}, "PUNCT": {"true_positive": 2143, "false_positive": 49, "true_negative": 14077, "false_negative": 6, "precision": 0.9776459854014599, "recall": 0.9972080037226617, "f1": 0.9873301082699839}, "SCONJ": {"true_positive": 77, "false_positive": 20, "true_negative": 15941, "false_negative": 237, "precision": 0.7938144329896907, "recall": 0.24522292993630573, "f1": 0.3746958637469586}, "SYM": {"true_positive": 0, "false_positive": 0, "true_negative": 16261, "false_negative": 14, "precision": 0, "recall": 0.0, "f1": 0.0}, "VERB": {"true_positive": 1255, "false_positive": 737, "true_negative": 13733, "false_negative": 550, "precision": 0.6300200803212851, "recall": 0.6952908587257618, "f1": 0.6610481959441664}, "X": {"true_positive": 0, "false_positive": 0, "true_negative": 16262, "false_negative": 13, "precision": 0, "recall": 0.0, "f1": 0.0}, "macro_precision": 0.6462641320428514, "macro_recall": 0.5674560885856368, "macro_f1": 0.5775803727923247, "weighted_precision": 0.7586563689464102, "weighted_recall": 0.7670046082949309, "weighted_f1": 0.7381725364813704, "accuracy": 0.7670046082949309}