{"ADJ": {"true_positive": 351, "false_positive": 119, "true_negative": 15037, "false_negative": 768, "precision": 0.7468085106382979, "recall": 0.3136729222520107, "f1": 0.4417872876022656}, "ADP": {"true_positive": 1434, "false_positive": 219, "true_negative": 14445, "false_negative": 177, "precision": 0.867513611615245, "recall": 0.8901303538175046, "f1": 0.8786764705882353}, "ADV": {"true_positive": 290, "false_positive": 172, "true_negative": 15419, "false_negative": 394, "precision": 0.6277056277056277, "recall": 0.4239766081871345, "f1": 0.506108202443281}, "AUX": {"true_positive": 777, "false_positive": 188, "true_negative": 15256, "false_negative": 54, "precision": 0.805181347150259, "recall": 0.9350180505415162, "f1": 0.8652561247216035}, "CCONJ": {"true_positive": 530, "false_positive": 3, "true_negative": 15701, "false_negative": 41, "precision": 0.9943714821763602, "recall": 0.9281961471103327, "f1": 0.9601449275362319}, "DET": {"true_positive": 1186, "false_positive": 64, "true_negative": 14874, "false_negative": 151, "precision": 0.9488, "recall": 0.887060583395662, "f1": 0.9168921530730576}, "INTJ": {"true_positive": 0, "false_positive": 0, "true_negative": 16193, "false_negative": 82, "precision": 0, "recall": 0.0, "f1": 0.0}, "NOUN": {"true_positive": 2669, "false_positive": 1164, "true_negative": 12181, "false_negative": 261, "precision": 0.6963214192538482, "recall": 0.9109215017064847, "f1": 0.7892946917048647}, "NUM": {"true_positive": 201, "false_positive": 0, "true_negative": 15995, "false_negative": 79, "precision": 1.0, "recall": 0.7178571428571429, "f1": 0.8357588357588358}, "PART": {"true_positive": 234, "false_positive": 44, "true_negative": 15810, "false_negative": 187, "precision": 0.841726618705036, "recall": 0.5558194774346793, "f1": 0.6695278969957081}, "PRON": {"true_positive": 1125, "false_positive": 239, "true_negative": 14656, "false_negative": 255, "precision": 0.8247800586510264, "recall": 0.8152173913043478, "f1": 0.8199708454810496}, "PROPN": {"true_positive": 642, "false_positive": 252, "true_negative": 15289, "false_negative": 92, "precision": 0.7181208053691275, "recall": 0.8746594005449592, "f1": 0.7886977886977887}, "PUNCT": {"true_positive": 2143, "false_positive": 32, "true_negative": 14094, "false_negative": 6, "precision": 0.9852873563218391, "recall": 0.9972080037226617, "f1": 0.9912118408880666}, "SCONJ": {"true_positive": 64, "false_positive": 22, "true_negative": 15939, "false_negative": 250, "precision": 0.7441860465116279, "recall": 0.20382165605095542, "f1": 0.32}, "SYM": {"true_positive": 0, "false_positive": 0, "true_negative": 16261, "false_negative": 14, "precision": 0, "recall": 0.0, "f1": 0.0}, "VERB": {"true_positive": 1439, "false_positive": 672, "true_negative": 13798, "false_negative": 366, "precision": 0.6816674561819043, "recall": 0.7972299168975069, "f1": 0.7349336057201226}, "X": {"true_positive": 0, "false_positive": 0, "true_negative": 16262, "false_negative": 13, "precision": 0, "recall": 0.0, "f1": 0.0}, "macro_precision": 0.6754394317811883, "macro_recall": 0.6029875974013471, "macro_f1": 0.6187212159535947, "weighted_precision": 0.8042632098057269, "weighted_recall": 0.803993855606759, "weighted_f1": 0.789270150214779, "accuracy": 0.8039938556067588}