{"ADJ": {"true_positive": 364, "false_positive": 294, "true_negative": 14862, "false_negative": 755, "precision": 0.5531914893617021, "recall": 0.32529043789097406, "f1": 0.40967923466516604}, "ADP": {"true_positive": 1386, "false_positive": 211, "true_negative": 14453, "false_negative": 225, "precision": 0.867877269881027, "recall": 0.8603351955307262, "f1": 0.8640897755610972}, "ADV": {"true_positive": 254, "false_positive": 122, "true_negative": 15469, "false_negative": 430, "precision": 0.675531914893617, "recall": 0.3713450292397661, "f1": 0.47924528301886793}, "AUX": {"true_positive": 727, "false_positive": 222, "true_negative": 15222, "false_negative": 104, "precision": 0.7660695468914647, "recall": 0.8748495788206979, "f1": 0.8168539325842696}, "CCONJ": {"true_positive": 521, "false_positive": 47, "true_negative": 15657, "false_negative": 50, "precision": 0.9172535211267606, "recall": 0.9124343257443083, "f1": 0.9148375768217735}, "DET": {"true_positive": 1171, "false_positive": 111, "true_negative": 14827, "false_negative": 166, "precision": 0.9134165366614665, "recall": 0.8758414360508602, "f1": 0.8942344406261932}, "INTJ": {"true_positive": 0, "false_positive": 0, "true_negative": 16193, "false_negative": 82, "precision": 0, "recall": 0.0, "f1": 0.0}, "NOUN": {"true_positive": 2330, "false_positive": 1393, "true_negative": 11952, "false_negative": 600, "precision": 0.625839376846629, "recall": 0.7952218430034129, "f1": 0.7004358935818428}, "NUM": {"true_positive": 34, "false_positive": 0, "true_negative": 15995, "false_negative": 246, "precision": 1.0, "recall": 0.12142857142857143, "f1": 0.21656050955414013}, "PART": {"true_positive": 297, "false_positive": 221, "true_negative": 15633, "false_negative": 124, "precision": 0.5733590733590733, "recall": 0.7054631828978623, "f1": 0.6325878594249201}, "PRON": {"true_positive": 945, "false_positive": 261, "true_negative": 14634, "false_negative": 435, "precision": 0.7835820895522388, "recall": 0.6847826086956522, "f1": 0.7308584686774942}, "PROPN": {"true_positive": 191, "false_positive": 571, "true_negative": 14970, "false_negative": 543, "precision": 0.25065616797900264, "recall": 0.26021798365122617, "f1": 0.2553475935828877}, "PUNCT": {"true_positive": 2138, "false_positive": 444, "true_negative": 13682, "false_negative": 11, "precision": 0.8280402788536019, "recall": 0.9948813401582132, "f1": 0.9038258296343268}, "SCONJ": {"true_positive": 51, "false_positive": 5, "true_negative": 15956, "false_negative": 263, "precision": 0.9107142857142857, "recall": 0.1624203821656051, "f1": 0.2756756756756757}, "SYM": {"true_positive": 0, "false_positive": 0, "true_negative": 16261, "false_negative": 14, "precision": 0, "recall": 0.0, "f1": 0.0}, "VERB": {"true_positive": 1275, "false_positive": 689, "true_negative": 13781, "false_negative": 530, "precision": 0.6491853360488798, "recall": 0.7063711911357341, "f1": 0.6765720350225524}, "X": {"true_positive": 0, "false_positive": 0, "true_negative": 16262, "false_negative": 13, "precision": 0, "recall": 0.0, "f1": 0.0}, "macro_precision": 0.6067480521864558, "macro_recall": 0.5088754768478595, "macro_f1": 0.5159296534371298, "weighted_precision": 0.72002763030232, "weighted_recall": 0.7179109062980031, "weighted_f1": 0.7004849524103719, "accuracy": 0.717910906298003}