{"ADJ": {"true_positive": 231, "false_positive": 65, "true_negative": 15091, "false_negative": 888, "precision": 0.7804054054054054, "recall": 0.2064343163538874, "f1": 0.3265017667844523}, "ADP": {"true_positive": 1379, "false_positive": 188, "true_negative": 14476, "false_negative": 232, "precision": 0.8800255264837269, "recall": 0.8559900682805711, "f1": 0.8678414096916299}, "ADV": {"true_positive": 198, "false_positive": 108, "true_negative": 15483, "false_negative": 486, "precision": 0.6470588235294118, "recall": 0.2894736842105263, "f1": 0.4}, "AUX": {"true_positive": 760, "false_positive": 218, "true_negative": 15226, "false_negative": 71, "precision": 0.7770961145194274, "recall": 0.914560770156438, "f1": 0.8402432283029297}, "CCONJ": {"true_positive": 519, "false_positive": 6, "true_negative": 15698, "false_negative": 52, "precision": 0.9885714285714285, "recall": 0.9089316987740805, "f1": 0.9470802919708029}, "DET": {"true_positive": 1206, "false_positive": 46, "true_negative": 14892, "false_negative": 131, "precision": 0.963258785942492, "recall": 0.9020194465220643, "f1": 0.9316338354577057}, "INTJ": {"true_positive": 0, "false_positive": 0, "true_negative": 16193, "false_negative": 82, "precision": 0, "recall": 0.0, "f1": 0.0}, "NOUN": {"true_positive": 2371, "false_positive": 1595, "true_negative": 11750, "false_negative": 559, "precision": 0.5978315683308119, "recall": 0.8092150170648464, "f1": 0.6876450116009281}, "NUM": {"true_positive": 73, "false_positive": 1, "true_negative": 15994, "false_negative": 207, "precision": 0.9864864864864865, "recall": 0.26071428571428573, "f1": 0.4124293785310734}, "PART": {"true_positive": 275, "false_positive": 75, "true_negative": 15779, "false_negative": 146, "precision": 0.7857142857142857, "recall": 0.6532066508313539, "f1": 0.7133592736705577}, "PRON": {"true_positive": 1061, "false_positive": 265, "true_negative": 14630, "false_negative": 319, "precision": 0.8001508295625943, "recall": 0.768840579710145, "f1": 0.7841832963784183}, "PROPN": {"true_positive": 266, "false_positive": 592, "true_negative": 14949, "false_negative": 468, "precision": 0.31002331002331, "recall": 0.36239782016348776, "f1": 0.3341708542713568}, "PUNCT": {"true_positive": 2134, "false_positive": 351, "true_negative": 13775, "false_negative": 15, "precision": 0.8587525150905433, "recall": 0.9930200093066542, "f1": 0.9210185584807942}, "SCONJ": {"true_positive": 63, "false_positive": 2, "true_negative": 15959, "false_negative": 251, "precision": 0.9692307692307692, "recall": 0.20063694267515925, "f1": 0.3324538258575198}, "SYM": {"true_positive": 0, "false_positive": 0, "true_negative": 16261, "false_negative": 14, "precision": 0, "recall": 0.0, "f1": 0.0}, "VERB": {"true_positive": 1360, "false_positive": 867, "true_negative": 13603, "false_negative": 445, "precision": 0.6106870229007634, "recall": 0.7534626038781164, "f1": 0.6746031746031746}, "X": {"true_positive": 0, "false_positive": 0, "true_negative": 16262, "false_negative": 13, "precision": 0, "recall": 0.0, "f1": 0.0}, "macro_precision": 0.6444289924583209, "macro_recall": 0.5222884643318598, "macro_f1": 0.5395978768000791, "weighted_precision": 0.7480308776443447, "weighted_recall": 0.7309370199692781, "weighted_f1": 0.7115848988861673, "accuracy": 0.7309370199692781}