{"ADJ": {"true_positive": 332, "false_positive": 107, "true_negative": 15049, "false_negative": 787, "precision": 0.7562642369020501, "recall": 0.2966934763181412, "f1": 0.42618741976893454}, "ADP": {"true_positive": 1434, "false_positive": 198, "true_negative": 14466, "false_negative": 177, "precision": 0.8786764705882353, "recall": 0.8901303538175046, "f1": 0.8843663274745606}, "ADV": {"true_positive": 307, "false_positive": 126, "true_negative": 15465, "false_negative": 377, "precision": 0.7090069284064665, "recall": 0.44883040935672514, "f1": 0.549686660698299}, "AUX": {"true_positive": 779, "false_positive": 156, "true_negative": 15288, "false_negative": 52, "precision": 0.8331550802139037, "recall": 0.937424789410349, "f1": 0.8822197055492639}, "CCONJ": {"true_positive": 549, "false_positive": 19, "true_negative": 15685, "false_negative": 22, "precision": 0.9665492957746479, "recall": 0.9614711033274956, "f1": 0.9640035118525022}, "DET": {"true_positive": 1183, "false_positive": 71, "true_negative": 14867, "false_negative": 154, "precision": 0.9433811802232854, "recall": 0.8848167539267016, "f1": 0.9131609417213431}, "INTJ": {"true_positive": 0, "false_positive": 0, "true_negative": 16193, "false_negative": 82, "precision": 0, "recall": 0.0, "f1": 0.0}, "NOUN": {"true_positive": 2329, "false_positive": 1151, "true_negative": 12194, "false_negative": 601, "precision": 0.6692528735632184, "recall": 0.7948805460750853, "f1": 0.7266770670826833}, "NUM": {"true_positive": 185, "false_positive": 4, "true_negative": 15991, "false_negative": 95, "precision": 0.9788359788359788, "recall": 0.6607142857142857, "f1": 0.7889125799573561}, "PART": {"true_positive": 329, "false_positive": 72, "true_negative": 15782, "false_negative": 92, "precision": 0.8204488778054863, "recall": 0.7814726840855107, "f1": 0.8004866180048662}, "PRON": {"true_positive": 1025, "false_positive": 210, "true_negative": 14685, "false_negative": 355, "precision": 0.8299595141700404, "recall": 0.7427536231884058, "f1": 0.7839388145315488}, "PROPN": {"true_positive": 475, "false_positive": 781, "true_negative": 14760, "false_negative": 259, "precision": 0.3781847133757962, "recall": 0.6471389645776566, "f1": 0.47738693467336685}, "PUNCT": {"true_positive": 2147, "false_positive": 53, "true_negative": 14073, "false_negative": 2, "precision": 0.975909090909091, "recall": 0.9990693345742205, "f1": 0.9873534145780639}, "SCONJ": {"true_positive": 105, "false_positive": 27, "true_negative": 15934, "false_negative": 209, "precision": 0.7954545454545454, "recall": 0.3343949044585987, "f1": 0.47085201793721976}, "SYM": {"true_positive": 0, "false_positive": 0, "true_negative": 16261, "false_negative": 14, "precision": 0, "recall": 0.0, "f1": 0.0}, "VERB": {"true_positive": 1462, "false_positive": 659, "true_negative": 13811, "false_negative": 343, "precision": 0.6892975011786893, "recall": 0.8099722991689751, "f1": 0.7447784004075395}, "X": {"true_positive": 0, "false_positive": 0, "true_negative": 16262, "false_negative": 13, "precision": 0, "recall": 0.0, "f1": 0.0}, "macro_precision": 0.6602574286706725, "macro_recall": 0.5993978545882149, "macro_f1": 0.6117653184845616, "weighted_precision": 0.7893597176867267, "weighted_recall": 0.7767127496159755, "weighted_f1": 0.7689933711447963, "accuracy": 0.7767127496159755}