{"ADJ": {"true_positive": 242, "false_positive": 78, "true_negative": 15078, "false_negative": 877, "precision": 0.75625, "recall": 0.2162645218945487, "f1": 0.33634468380820015}, "ADP": {"true_positive": 1468, "false_positive": 375, "true_negative": 14289, "false_negative": 143, "precision": 0.7965274009766685, "recall": 0.9112352576039727, "f1": 0.85002895193978}, "ADV": {"true_positive": 281, "false_positive": 216, "true_negative": 15375, "false_negative": 403, "precision": 0.5653923541247485, "recall": 0.4108187134502924, "f1": 0.4758679085520745}, "AUX": {"true_positive": 732, "false_positive": 196, "true_negative": 15248, "false_negative": 99, "precision": 0.7887931034482759, "recall": 0.8808664259927798, "f1": 0.832291074474133}, "CCONJ": {"true_positive": 484, "false_positive": 8, "true_negative": 15696, "false_negative": 87, "precision": 0.983739837398374, "recall": 0.8476357267950964, "f1": 0.9106302916274694}, "DET": {"true_positive": 1177, "false_positive": 101, "true_negative": 14837, "false_negative": 160, "precision": 0.9209702660406885, "recall": 0.8803290949887809, "f1": 0.9001912045889101}, "INTJ": {"true_positive": 0, "false_positive": 0, "true_negative": 16193, "false_negative": 82, "precision": 0, "recall": 0.0, "f1": 0.0}, "NOUN": {"true_positive": 2163, "false_positive": 1366, "true_negative": 11979, "false_negative": 767, "precision": 0.6129215075092094, "recall": 0.7382252559726963, "f1": 0.669763121226196}, "NUM": {"true_positive": 155, "false_positive": 1, "true_negative": 15994, "false_negative": 125, "precision": 0.9935897435897436, "recall": 0.5535714285714286, "f1": 0.7110091743119266}, "PART": {"true_positive": 97, "false_positive": 4, "true_negative": 15850, "false_negative": 324, "precision": 0.9603960396039604, "recall": 0.23040380047505937, "f1": 0.3716475095785441}, "PRON": {"true_positive": 991, "false_positive": 246, "true_negative": 14649, "false_negative": 389, "precision": 0.8011317704122878, "recall": 0.7181159420289855, "f1": 0.757355750859763}, "PROPN": {"true_positive": 460, "false_positive": 1121, "true_negative": 14420, "false_negative": 274, "precision": 0.290955091714105, "recall": 0.6267029972752044, "f1": 0.39740820734341253}, "PUNCT": {"true_positive": 2141, "false_positive": 59, "true_negative": 14067, "false_negative": 8, "precision": 0.9731818181818181, "recall": 0.9962773382968823, "f1": 0.9845941595769142}, "SCONJ": {"true_positive": 11, "false_positive": 2, "true_negative": 15959, "false_negative": 303, "precision": 0.8461538461538461, "recall": 0.03503184713375796, "f1": 0.0672782874617737}, "SYM": {"true_positive": 0, "false_positive": 0, "true_negative": 16261, "false_negative": 14, "precision": 0, "recall": 0.0, "f1": 0.0}, "VERB": {"true_positive": 1370, "false_positive": 729, "true_negative": 13741, "false_negative": 435, "precision": 0.6526917579799905, "recall": 0.7590027700831025, "f1": 0.701844262295082}, "X": {"true_positive": 0, "false_positive": 1, "true_negative": 16261, "false_negative": 13, "precision": 0.0, "recall": 0.0, "f1": 0.0}, "macro_precision": 0.6436879139490422, "macro_recall": 0.5179106541507404, "macro_f1": 0.5274267404496576, "weighted_precision": 0.7556006722886351, "weighted_recall": 0.7233179723502305, "weighted_f1": 0.7093743295050231, "accuracy": 0.7233179723502304}