{"ADJ": {"true_positive": 321, "false_positive": 84, "true_negative": 15072, "false_negative": 798, "precision": 0.7925925925925926, "recall": 0.2868632707774799, "f1": 0.421259842519685}, "ADP": {"true_positive": 1385, "false_positive": 190, "true_negative": 14474, "false_negative": 226, "precision": 0.8793650793650793, "recall": 0.8597144630664184, "f1": 0.869428750784683}, "ADV": {"true_positive": 271, "false_positive": 127, "true_negative": 15464, "false_negative": 413, "precision": 0.6809045226130653, "recall": 0.3961988304093567, "f1": 0.5009242144177449}, "AUX": {"true_positive": 749, "false_positive": 184, "true_negative": 15260, "false_negative": 82, "precision": 0.8027867095391211, "recall": 0.901323706377858, "f1": 0.8492063492063492}, "CCONJ": {"true_positive": 507, "false_positive": 10, "true_negative": 15694, "false_negative": 64, "precision": 0.9806576402321083, "recall": 0.8879159369527145, "f1": 0.9319852941176471}, "DET": {"true_positive": 1183, "false_positive": 72, "true_negative": 14866, "false_negative": 154, "precision": 0.9426294820717132, "recall": 0.8848167539267016, "f1": 0.9128086419753086}, "INTJ": {"true_positive": 0, "false_positive": 0, "true_negative": 16193, "false_negative": 82, "precision": 0, "recall": 0.0, "f1": 0.0}, "NOUN": {"true_positive": 2667, "false_positive": 1281, "true_negative": 12064, "false_negative": 263, "precision": 0.675531914893617, "recall": 0.9102389078498293, "f1": 0.7755161384123291}, "NUM": {"true_positive": 111, "false_positive": 1, "true_negative": 15994, "false_negative": 169, "precision": 0.9910714285714286, "recall": 0.3964285714285714, "f1": 0.5663265306122449}, "PART": {"true_positive": 342, "false_positive": 112, "true_negative": 15742, "false_negative": 79, "precision": 0.7533039647577092, "recall": 0.8123515439429929, "f1": 0.7817142857142857}, "PRON": {"true_positive": 1074, "false_positive": 238, "true_negative": 14657, "false_negative": 306, "precision": 0.8185975609756098, "recall": 0.7782608695652173, "f1": 0.7979197622585439}, "PROPN": {"true_positive": 601, "false_positive": 309, "true_negative": 15232, "false_negative": 133, "precision": 0.6604395604395604, "recall": 0.8188010899182562, "f1": 0.7311435523114356}, "PUNCT": {"true_positive": 2140, "false_positive": 87, "true_negative": 14039, "false_negative": 9, "precision": 0.9609339919173776, "recall": 0.9958120055839925, "f1": 0.9780621572212066}, "SCONJ": {"true_positive": 67, "false_positive": 16, "true_negative": 15945, "false_negative": 247, "precision": 0.8072289156626506, "recall": 0.21337579617834396, "f1": 0.33753148614609574}, "SYM": {"true_positive": 0, "false_positive": 0, "true_negative": 16261, "false_negative": 14, "precision": 0, "recall": 0.0, "f1": 0.0}, "VERB": {"true_positive": 1443, "false_positive": 703, "true_negative": 13767, "false_negative": 362, "precision": 0.6724137931034483, "recall": 0.7994459833795013, "f1": 0.7304479878511769}, "X": {"true_positive": 0, "false_positive": 0, "true_negative": 16262, "false_negative": 13, "precision": 0, "recall": 0.0, "f1": 0.0}, "macro_precision": 0.6716739503961813, "macro_recall": 0.5847969252563079, "macro_f1": 0.5990749996205139, "weighted_precision": 0.7973747778295256, "weighted_recall": 0.7902304147465438, "weighted_f1": 0.7740076206277298, "accuracy": 0.7902304147465438}