{"ADJ": {"true_positive": 377, "false_positive": 138, "true_negative": 15018, "false_negative": 742, "precision": 0.7320388349514563, "recall": 0.33690795352993747, "f1": 0.4614443084455324}, "ADP": {"true_positive": 1463, "false_positive": 249, "true_negative": 14415, "false_negative": 148, "precision": 0.8545560747663551, "recall": 0.9081315952824333, "f1": 0.8805296418898586}, "ADV": {"true_positive": 329, "false_positive": 197, "true_negative": 15394, "false_negative": 355, "precision": 0.6254752851711026, "recall": 0.48099415204678364, "f1": 0.543801652892562}, "AUX": {"true_positive": 752, "false_positive": 135, "true_negative": 15309, "false_negative": 79, "precision": 0.8478015783540023, "recall": 0.9049338146811071, "f1": 0.8754365541327125}, "CCONJ": {"true_positive": 527, "false_positive": 1, "true_negative": 15703, "false_negative": 44, "precision": 0.9981060606060606, "recall": 0.9229422066549913, "f1": 0.9590536851683349}, "DET": {"true_positive": 1187, "false_positive": 49, "true_negative": 14889, "false_negative": 150, "precision": 0.9603559870550162, "recall": 0.8878085265519821, "f1": 0.9226583754372328}, "INTJ": {"true_positive": 0, "false_positive": 0, "true_negative": 16193, "false_negative": 82, "precision": 0, "recall": 0.0, "f1": 0.0}, "NOUN": {"true_positive": 2640, "false_positive": 1062, "true_negative": 12283, "false_negative": 290, "precision": 0.713128038897893, "recall": 0.9010238907849829, "f1": 0.7961399276236429}, "NUM": {"true_positive": 146, "false_positive": 3, "true_negative": 15992, "false_negative": 134, "precision": 0.9798657718120806, "recall": 0.5214285714285715, "f1": 0.6806526806526807}, "PART": {"true_positive": 309, "false_positive": 68, "true_negative": 15786, "false_negative": 112, "precision": 0.8196286472148541, "recall": 0.7339667458432304, "f1": 0.7744360902255639}, "PRON": {"true_positive": 1205, "false_positive": 222, "true_negative": 14673, "false_negative": 175, "precision": 0.8444288717589348, "recall": 0.8731884057971014, "f1": 0.8585678660491628}, "PROPN": {"true_positive": 646, "false_positive": 236, "true_negative": 15305, "false_negative": 88, "precision": 0.7324263038548753, "recall": 0.8801089918256131, "f1": 0.7995049504950495}, "PUNCT": {"true_positive": 2146, "false_positive": 35, "true_negative": 14091, "false_negative": 3, "precision": 0.9839523154516276, "recall": 0.9986040018613308, "f1": 0.9912240184757506}, "SCONJ": {"true_positive": 71, "false_positive": 19, "true_negative": 15942, "false_negative": 243, "precision": 0.7888888888888889, "recall": 0.22611464968152867, "f1": 0.35148514851485146}, "SYM": {"true_positive": 0, "false_positive": 0, "true_negative": 16261, "false_negative": 14, "precision": 0, "recall": 0.0, "f1": 0.0}, "VERB": {"true_positive": 1475, "false_positive": 588, "true_negative": 13882, "false_negative": 330, "precision": 0.7149781871061561, "recall": 0.817174515235457, "f1": 0.7626680455015512}, "X": {"true_positive": 0, "false_positive": 0, "true_negative": 16262, "false_negative": 13, "precision": 0, "recall": 0.0, "f1": 0.0}, "macro_precision": 0.6820959321111355, "macro_recall": 0.6113722365414734, "macro_f1": 0.6269178203237933, "weighted_precision": 0.8139273892524023, "weighted_recall": 0.8155453149001537, "weighted_f1": 0.802067258941515, "accuracy": 0.8155453149001536}