{"ADJ": {"true_positive": 721, "false_positive": 145, "true_negative": 15011, "false_negative": 398, "precision": 0.8325635103926097, "recall": 0.644325290437891, "f1": 0.726448362720403}, "ADP": {"true_positive": 1445, "false_positive": 197, "true_negative": 14467, "false_negative": 166, "precision": 0.8800243605359318, "recall": 0.8969584109248914, "f1": 0.8884106978173993}, "ADV": {"true_positive": 447, "false_positive": 152, "true_negative": 15439, "false_negative": 237, "precision": 0.7462437395659433, "recall": 0.6535087719298246, "f1": 0.6968043647700701}, "AUX": {"true_positive": 770, "false_positive": 103, "true_negative": 15341, "false_negative": 61, "precision": 0.8820160366552119, "recall": 0.9265944645006017, "f1": 0.903755868544601}, "CCONJ": {"true_positive": 531, "false_positive": 8, "true_negative": 15696, "false_negative": 40, "precision": 0.9851576994434137, "recall": 0.9299474605954466, "f1": 0.9567567567567568}, "DET": {"true_positive": 1279, "false_positive": 40, "true_negative": 14898, "false_negative": 58, "precision": 0.9696739954510993, "recall": 0.9566192969334331, "f1": 0.9631024096385542}, "INTJ": {"true_positive": 24, "false_positive": 3, "true_negative": 16190, "false_negative": 58, "precision": 0.8888888888888888, "recall": 0.2926829268292683, "f1": 0.44036697247706424}, "NOUN": {"true_positive": 2673, "false_positive": 496, "true_negative": 12849, "false_negative": 257, "precision": 0.8434837488166614, "recall": 0.9122866894197952, "f1": 0.8765371372356124}, "NUM": {"true_positive": 270, "false_positive": 19, "true_negative": 15976, "false_negative": 10, "precision": 0.9342560553633218, "recall": 0.9642857142857143, "f1": 0.9490333919156415}, "PART": {"true_positive": 389, "false_positive": 140, "true_negative": 15714, "false_negative": 32, "precision": 0.7353497164461248, "recall": 0.9239904988123515, "f1": 0.8189473684210526}, "PRON": {"true_positive": 1332, "false_positive": 115, "true_negative": 14780, "false_negative": 48, "precision": 0.9205252246026261, "recall": 0.9652173913043478, "f1": 0.9423417049876194}, "PROPN": {"true_positive": 679, "false_positive": 98, "true_negative": 15443, "false_negative": 55, "precision": 0.8738738738738738, "recall": 0.9250681198910081, "f1": 0.898742554599603}, "PUNCT": {"true_positive": 2149, "false_positive": 44, "true_negative": 14082, "false_negative": 0, "precision": 0.9799361605107159, "recall": 1.0, "f1": 0.9898664210041456}, "SCONJ": {"true_positive": 117, "false_positive": 13, "true_negative": 15948, "false_negative": 197, "precision": 0.9, "recall": 0.37261146496815284, "f1": 0.527027027027027}, "SYM": {"true_positive": 0, "false_positive": 0, "true_negative": 16261, "false_negative": 14, "precision": 0, "recall": 0.0, "f1": 0.0}, "VERB": {"true_positive": 1521, "false_positive": 355, "true_negative": 14115, "false_negative": 284, "precision": 0.8107675906183369, "recall": 0.8426592797783934, "f1": 0.8264058679706602}, "X": {"true_positive": 0, "false_positive": 0, "true_negative": 16262, "false_negative": 13, "precision": 0, "recall": 0.0, "f1": 0.0}, "macro_precision": 0.7754565059508682, "macro_recall": 0.7180444576830071, "macro_f1": 0.7296792297580122, "weighted_precision": 0.8805443796007706, "weighted_recall": 0.8815360983102919, "weighted_f1": 0.8765030657254484, "accuracy": 0.8815360983102919}