{"ADJ": {"true_positive": 680, "false_positive": 170, "true_negative": 14986, "false_negative": 439, "precision": 0.8, "recall": 0.6076854334226989, "f1": 0.6907059421025902}, "ADP": {"true_positive": 1457, "false_positive": 201, "true_negative": 14463, "false_negative": 154, "precision": 0.8787696019300362, "recall": 0.904407200496586, "f1": 0.8914040991128785}, "ADV": {"true_positive": 450, "false_positive": 186, "true_negative": 15405, "false_negative": 234, "precision": 0.7075471698113207, "recall": 0.6578947368421053, "f1": 0.6818181818181818}, "AUX": {"true_positive": 766, "false_positive": 108, "true_negative": 15336, "false_negative": 65, "precision": 0.8764302059496567, "recall": 0.9217809867629362, "f1": 0.898533724340176}, "CCONJ": {"true_positive": 494, "false_positive": 6, "true_negative": 15698, "false_negative": 77, "precision": 0.988, "recall": 0.8651488616462347, "f1": 0.9225023342670402}, "DET": {"true_positive": 1268, "false_positive": 45, "true_negative": 14893, "false_negative": 69, "precision": 0.9657273419649657, "recall": 0.9483919222139118, "f1": 0.9569811320754718}, "INTJ": {"true_positive": 36, "false_positive": 0, "true_negative": 16193, "false_negative": 46, "precision": 1.0, "recall": 0.43902439024390244, "f1": 0.6101694915254238}, "NOUN": {"true_positive": 2623, "false_positive": 641, "true_negative": 12704, "false_negative": 307, "precision": 0.8036151960784313, "recall": 0.895221843003413, "f1": 0.8469486599935422}, "NUM": {"true_positive": 246, "false_positive": 23, "true_negative": 15972, "false_negative": 34, "precision": 0.9144981412639405, "recall": 0.8785714285714286, "f1": 0.8961748633879781}, "PART": {"true_positive": 383, "false_positive": 123, "true_negative": 15731, "false_negative": 38, "precision": 0.7569169960474308, "recall": 0.9097387173396675, "f1": 0.8263214670981661}, "PRON": {"true_positive": 1319, "false_positive": 127, "true_negative": 14768, "false_negative": 61, "precision": 0.9121715076071922, "recall": 0.9557971014492753, "f1": 0.9334748761500354}, "PROPN": {"true_positive": 495, "false_positive": 159, "true_negative": 15382, "false_negative": 239, "precision": 0.7568807339449541, "recall": 0.6743869209809265, "f1": 0.7132564841498559}, "PUNCT": {"true_positive": 2148, "false_positive": 79, "true_negative": 14047, "false_negative": 1, "precision": 0.9645262685226762, "recall": 0.9995346672871103, "f1": 0.9817184643510055}, "SCONJ": {"true_positive": 128, "false_positive": 17, "true_negative": 15944, "false_negative": 186, "precision": 0.8827586206896552, "recall": 0.40764331210191085, "f1": 0.5577342047930284}, "SYM": {"true_positive": 0, "false_positive": 0, "true_negative": 16261, "false_negative": 14, "precision": 0, "recall": 0.0, "f1": 0.0}, "VERB": {"true_positive": 1493, "false_positive": 403, "true_negative": 14067, "false_negative": 312, "precision": 0.7874472573839663, "recall": 0.8271468144044322, "f1": 0.8068089705485004}, "X": {"true_positive": 0, "false_positive": 1, "true_negative": 16261, "false_negative": 13, "precision": 0.0, "recall": 0.0, "f1": 0.0}, "macro_precision": 0.7644287671290722, "macro_recall": 0.6995514315745023, "macro_f1": 0.7185031115125808, "weighted_precision": 0.8587069558436002, "weighted_recall": 0.8593548387096774, "weighted_f1": 0.8547767000059532, "accuracy": 0.8593548387096774}