{"ADJ": {"true_positive": 538, "false_positive": 162, "true_negative": 14994, "false_negative": 581, "precision": 0.7685714285714286, "recall": 0.48078641644325293, "f1": 0.5915338097855964}, "ADP": {"true_positive": 1458, "false_positive": 200, "true_negative": 14464, "false_negative": 153, "precision": 0.879372738238842, "recall": 0.9050279329608939, "f1": 0.8920159070052004}, "ADV": {"true_positive": 376, "false_positive": 202, "true_negative": 15389, "false_negative": 308, "precision": 0.6505190311418685, "recall": 0.5497076023391813, "f1": 0.595879556259905}, "AUX": {"true_positive": 768, "false_positive": 95, "true_negative": 15349, "false_negative": 63, "precision": 0.8899188876013905, "recall": 0.924187725631769, "f1": 0.9067296340023613}, "CCONJ": {"true_positive": 498, "false_positive": 10, "true_negative": 15694, "false_negative": 73, "precision": 0.9803149606299213, "recall": 0.87215411558669, "f1": 0.9230769230769231}, "DET": {"true_positive": 1268, "false_positive": 34, "true_negative": 14904, "false_negative": 69, "precision": 0.9738863287250384, "recall": 0.9483919222139118, "f1": 0.9609700644183403}, "INTJ": {"true_positive": 31, "false_positive": 0, "true_negative": 16193, "false_negative": 51, "precision": 1.0, "recall": 0.3780487804878049, "f1": 0.5486725663716814}, "NOUN": {"true_positive": 2615, "false_positive": 864, "true_negative": 12481, "false_negative": 315, "precision": 0.7516527737855706, "recall": 0.8924914675767918, "f1": 0.8160399438289905}, "NUM": {"true_positive": 262, "false_positive": 9, "true_negative": 15986, "false_negative": 18, "precision": 0.966789667896679, "recall": 0.9357142857142857, "f1": 0.9509981851179673}, "PART": {"true_positive": 364, "false_positive": 111, "true_negative": 15743, "false_negative": 57, "precision": 0.7663157894736842, "recall": 0.8646080760095012, "f1": 0.8125}, "PRON": {"true_positive": 1323, "false_positive": 128, "true_negative": 14767, "false_negative": 57, "precision": 0.9117849758787043, "recall": 0.9586956521739131, "f1": 0.9346520664076298}, "PROPN": {"true_positive": 508, "false_positive": 203, "true_negative": 15338, "false_negative": 226, "precision": 0.7144866385372715, "recall": 0.6920980926430518, "f1": 0.7031141868512111}, "PUNCT": {"true_positive": 2147, "false_positive": 38, "true_negative": 14088, "false_negative": 2, "precision": 0.9826086956521739, "recall": 0.9990693345742205, "f1": 0.9907706506691278}, "SCONJ": {"true_positive": 119, "false_positive": 18, "true_negative": 15943, "false_negative": 195, "precision": 0.8686131386861314, "recall": 0.37898089171974525, "f1": 0.5277161862527716}, "SYM": {"true_positive": 0, "false_positive": 0, "true_negative": 16261, "false_negative": 14, "precision": 0, "recall": 0.0, "f1": 0.0}, "VERB": {"true_positive": 1344, "false_positive": 582, "true_negative": 13888, "false_negative": 461, "precision": 0.6978193146417445, "recall": 0.7445983379501385, "f1": 0.7204502814258912}, "X": {"true_positive": 0, "false_positive": 0, "true_negative": 16262, "false_negative": 13, "precision": 0, "recall": 0.0, "f1": 0.0}, "macro_precision": 0.7530973158506147, "macro_recall": 0.6779153314132442, "macro_f1": 0.6985364683219764, "weighted_precision": 0.8373160063409865, "weighted_recall": 0.8368049155145929, "weighted_f1": 0.8305652480558077, "accuracy": 0.8368049155145929}