{"ADJ": {"true_positive": 649, "false_positive": 147, "true_negative": 15009, "false_negative": 470, "precision": 0.8153266331658291, "recall": 0.579982126899017, "f1": 0.6778067885117494}, "ADP": {"true_positive": 1452, "false_positive": 237, "true_negative": 14427, "false_negative": 159, "precision": 0.8596802841918295, "recall": 0.9013035381750466, "f1": 0.88}, "ADV": {"true_positive": 437, "false_positive": 199, "true_negative": 15392, "false_negative": 247, "precision": 0.6871069182389937, "recall": 0.6388888888888888, "f1": 0.6621212121212121}, "AUX": {"true_positive": 758, "false_positive": 103, "true_negative": 15341, "false_negative": 73, "precision": 0.8803716608594657, "recall": 0.9121540312876053, "f1": 0.8959810874704491}, "CCONJ": {"true_positive": 492, "false_positive": 1, "true_negative": 15703, "false_negative": 79, "precision": 0.9979716024340771, "recall": 0.861646234676007, "f1": 0.924812030075188}, "DET": {"true_positive": 1259, "false_positive": 57, "true_negative": 14881, "false_negative": 78, "precision": 0.9566869300911854, "recall": 0.9416604338070307, "f1": 0.9491142103279306}, "INTJ": {"true_positive": 24, "false_positive": 0, "true_negative": 16193, "false_negative": 58, "precision": 1.0, "recall": 0.2926829268292683, "f1": 0.4528301886792453}, "NOUN": {"true_positive": 2665, "false_positive": 630, "true_negative": 12715, "false_negative": 265, "precision": 0.8088012139605463, "recall": 0.909556313993174, "f1": 0.8562248995983935}, "NUM": {"true_positive": 244, "false_positive": 24, "true_negative": 15971, "false_negative": 36, "precision": 0.9104477611940298, "recall": 0.8714285714285714, "f1": 0.8905109489051095}, "PART": {"true_positive": 346, "false_positive": 120, "true_negative": 15734, "false_negative": 75, "precision": 0.7424892703862661, "recall": 0.8218527315914489, "f1": 0.7801578354002254}, "PRON": {"true_positive": 1317, "false_positive": 147, "true_negative": 14748, "false_negative": 63, "precision": 0.8995901639344263, "recall": 0.9543478260869566, "f1": 0.9261603375527426}, "PROPN": {"true_positive": 640, "false_positive": 67, "true_negative": 15474, "false_negative": 94, "precision": 0.9052333804809052, "recall": 0.8719346049046321, "f1": 0.8882720333102012}, "PUNCT": {"true_positive": 2148, "false_positive": 88, "true_negative": 14038, "false_negative": 1, "precision": 0.960644007155635, "recall": 0.9995346672871103, "f1": 0.979703534777651}, "SCONJ": {"true_positive": 111, "false_positive": 10, "true_negative": 15951, "false_negative": 203, "precision": 0.9173553719008265, "recall": 0.3535031847133758, "f1": 0.5103448275862069}, "SYM": {"true_positive": 0, "false_positive": 0, "true_negative": 16261, "false_negative": 14, "precision": 0, "recall": 0.0, "f1": 0.0}, "VERB": {"true_positive": 1467, "false_positive": 429, "true_negative": 14041, "false_negative": 338, "precision": 0.7737341772151899, "recall": 0.8127423822714681, "f1": 0.7927587138611186}, "X": {"true_positive": 0, "false_positive": 7, "true_negative": 16255, "false_negative": 13, "precision": 0.0, "recall": 0.0, "f1": 0.0}, "macro_precision": 0.7714964338358357, "macro_recall": 0.6896010860493882, "macro_f1": 0.7098116851869073, "weighted_precision": 0.861569156468119, "weighted_recall": 0.8607680491551459, "weighted_f1": 0.8553575724785146, "accuracy": 0.8607680491551459}