{"ADJ": {"true_positive": 386, "false_positive": 138, "true_negative": 15018, "false_negative": 733, "precision": 0.7366412213740458, "recall": 0.3449508489722967, "f1": 0.4698721850273889}, "ADP": {"true_positive": 1420, "false_positive": 245, "true_negative": 14419, "false_negative": 191, "precision": 0.8528528528528528, "recall": 0.8814400993171942, "f1": 0.8669108669108669}, "ADV": {"true_positive": 301, "false_positive": 180, "true_negative": 15411, "false_negative": 383, "precision": 0.6257796257796258, "recall": 0.44005847953216376, "f1": 0.5167381974248927}, "AUX": {"true_positive": 775, "false_positive": 104, "true_negative": 15340, "false_negative": 56, "precision": 0.8816837315130831, "recall": 0.9326113116726835, "f1": 0.9064327485380117}, "CCONJ": {"true_positive": 492, "false_positive": 4, "true_negative": 15700, "false_negative": 79, "precision": 0.9919354838709677, "recall": 0.861646234676007, "f1": 0.922211808809747}, "DET": {"true_positive": 1244, "false_positive": 54, "true_negative": 14884, "false_negative": 93, "precision": 0.9583975346687211, "recall": 0.9304412864622289, "f1": 0.9442125237191651}, "INTJ": {"true_positive": 17, "false_positive": 0, "true_negative": 16193, "false_negative": 65, "precision": 1.0, "recall": 0.2073170731707317, "f1": 0.3434343434343434}, "NOUN": {"true_positive": 2656, "false_positive": 1192, "true_negative": 12153, "false_negative": 274, "precision": 0.6902286902286903, "recall": 0.9064846416382253, "f1": 0.7837120094423133}, "NUM": {"true_positive": 245, "false_positive": 7, "true_negative": 15988, "false_negative": 35, "precision": 0.9722222222222222, "recall": 0.875, "f1": 0.9210526315789473}, "PART": {"true_positive": 373, "false_positive": 127, "true_negative": 15727, "false_negative": 48, "precision": 0.746, "recall": 0.8859857482185273, "f1": 0.8099891422366993}, "PRON": {"true_positive": 1298, "false_positive": 202, "true_negative": 14693, "false_negative": 82, "precision": 0.8653333333333333, "recall": 0.9405797101449276, "f1": 0.9013888888888889}, "PROPN": {"true_positive": 459, "false_positive": 153, "true_negative": 15388, "false_negative": 275, "precision": 0.75, "recall": 0.6253405994550408, "f1": 0.6820208023774146}, "PUNCT": {"true_positive": 2149, "false_positive": 62, "true_negative": 14064, "false_negative": 0, "precision": 0.9719583898688376, "recall": 1.0, "f1": 0.9857798165137615}, "SCONJ": {"true_positive": 77, "false_positive": 6, "true_negative": 15955, "false_negative": 237, "precision": 0.927710843373494, "recall": 0.24522292993630573, "f1": 0.3879093198992443}, "SYM": {"true_positive": 0, "false_positive": 0, "true_negative": 16261, "false_negative": 14, "precision": 0, "recall": 0.0, "f1": 0.0}, "VERB": {"true_positive": 1250, "false_positive": 659, "true_negative": 13811, "false_negative": 555, "precision": 0.6547930853850183, "recall": 0.6925207756232687, "f1": 0.6731287022078621}, "X": {"true_positive": 0, "false_positive": 0, "true_negative": 16262, "false_negative": 13, "precision": 0, "recall": 0.0, "f1": 0.0}, "macro_precision": 0.7426786479100527, "macro_recall": 0.6335058669893884, "macro_f1": 0.6538114110005616, "weighted_precision": 0.8113052025244972, "weighted_recall": 0.8074961597542243, "weighted_f1": 0.7951563486660721, "accuracy": 0.8074961597542243}