{"ADJ": {"true_positive": 664, "false_positive": 151, "true_negative": 15005, "false_negative": 455, "precision": 0.8147239263803681, "recall": 0.5933869526362824, "f1": 0.6866597724922441}, "ADP": {"true_positive": 1462, "false_positive": 233, "true_negative": 14431, "false_negative": 149, "precision": 0.8625368731563422, "recall": 0.9075108628181254, "f1": 0.8844525105868118}, "ADV": {"true_positive": 444, "false_positive": 197, "true_negative": 15394, "false_negative": 240, "precision": 0.6926677067082684, "recall": 0.6491228070175439, "f1": 0.670188679245283}, "AUX": {"true_positive": 772, "false_positive": 100, "true_negative": 15344, "false_negative": 59, "precision": 0.8853211009174312, "recall": 0.9290012033694344, "f1": 0.906635349383441}, "CCONJ": {"true_positive": 494, "false_positive": 4, "true_negative": 15700, "false_negative": 77, "precision": 0.9919678714859438, "recall": 0.8651488616462347, "f1": 0.9242282507015903}, "DET": {"true_positive": 1271, "false_positive": 49, "true_negative": 14889, "false_negative": 66, "precision": 0.9628787878787879, "recall": 0.9506357516828721, "f1": 0.9567181031238239}, "INTJ": {"true_positive": 25, "false_positive": 0, "true_negative": 16193, "false_negative": 57, "precision": 1.0, "recall": 0.3048780487804878, "f1": 0.4672897196261682}, "NOUN": {"true_positive": 2639, "false_positive": 718, "true_negative": 12627, "false_negative": 291, "precision": 0.7861185582365207, "recall": 0.9006825938566553, "f1": 0.8395101002067759}, "NUM": {"true_positive": 218, "false_positive": 21, "true_negative": 15974, "false_negative": 62, "precision": 0.9121338912133892, "recall": 0.7785714285714286, "f1": 0.8400770712909441}, "PART": {"true_positive": 364, "false_positive": 119, "true_negative": 15735, "false_negative": 57, "precision": 0.7536231884057971, "recall": 0.8646080760095012, "f1": 0.8053097345132744}, "PRON": {"true_positive": 1319, "false_positive": 159, "true_negative": 14736, "false_negative": 61, "precision": 0.8924221921515562, "recall": 0.9557971014492753, "f1": 0.9230230930720784}, "PROPN": {"true_positive": 503, "false_positive": 198, "true_negative": 15343, "false_negative": 231, "precision": 0.717546362339515, "recall": 0.6852861035422343, "f1": 0.7010452961672474}, "PUNCT": {"true_positive": 2148, "false_positive": 54, "true_negative": 14072, "false_negative": 1, "precision": 0.9754768392370572, "recall": 0.9995346672871103, "f1": 0.9873592277637325}, "SCONJ": {"true_positive": 108, "false_positive": 16, "true_negative": 15945, "false_negative": 206, "precision": 0.8709677419354839, "recall": 0.34394904458598724, "f1": 0.4931506849315068}, "SYM": {"true_positive": 0, "false_positive": 0, "true_negative": 16261, "false_negative": 14, "precision": 0, "recall": 0.0, "f1": 0.0}, "VERB": {"true_positive": 1468, "false_positive": 357, "true_negative": 14113, "false_negative": 337, "precision": 0.8043835616438356, "recall": 0.8132963988919668, "f1": 0.8088154269972452}, "X": {"true_positive": 0, "false_positive": 0, "true_negative": 16262, "false_negative": 13, "precision": 0, "recall": 0.0, "f1": 0.0}, "macro_precision": 0.7601628589229587, "macro_recall": 0.6789064648320672, "macro_f1": 0.6996742953001275, "weighted_precision": 0.854218735877788, "weighted_recall": 0.8540092165898616, "weighted_f1": 0.8484908960269438, "accuracy": 0.8540092165898617}