{"ADJ": {"true_positive": 689, "false_positive": 152, "true_negative": 15004, "false_negative": 430, "precision": 0.8192627824019025, "recall": 0.6157283288650581, "f1": 0.7030612244897959}, "ADP": {"true_positive": 1467, "false_positive": 219, "true_negative": 14445, "false_negative": 144, "precision": 0.8701067615658363, "recall": 0.9106145251396648, "f1": 0.8898999090081893}, "ADV": {"true_positive": 459, "false_positive": 182, "true_negative": 15409, "false_negative": 225, "precision": 0.7160686427457098, "recall": 0.6710526315789473, "f1": 0.6928301886792453}, "AUX": {"true_positive": 776, "false_positive": 99, "true_negative": 15345, "false_negative": 55, "precision": 0.8868571428571429, "recall": 0.9338146811070999, "f1": 0.9097303634232122}, "CCONJ": {"true_positive": 496, "false_positive": 7, "true_negative": 15697, "false_negative": 75, "precision": 0.9860834990059643, "recall": 0.8686514886164624, "f1": 0.9236499068901304}, "DET": {"true_positive": 1290, "false_positive": 58, "true_negative": 14880, "false_negative": 47, "precision": 0.956973293768546, "recall": 0.9648466716529543, "f1": 0.9608938547486033}, "INTJ": {"true_positive": 24, "false_positive": 0, "true_negative": 16193, "false_negative": 58, "precision": 1.0, "recall": 0.2926829268292683, "f1": 0.4528301886792453}, "NOUN": {"true_positive": 2681, "false_positive": 501, "true_negative": 12844, "false_negative": 249, "precision": 0.8425518541797612, "recall": 0.9150170648464164, "f1": 0.8772905759162304}, "NUM": {"true_positive": 258, "false_positive": 18, "true_negative": 15977, "false_negative": 22, "precision": 0.9347826086956522, "recall": 0.9214285714285714, "f1": 0.9280575539568345}, "PART": {"true_positive": 375, "false_positive": 117, "true_negative": 15737, "false_negative": 46, "precision": 0.7621951219512195, "recall": 0.8907363420427553, "f1": 0.8214676889375685}, "PRON": {"true_positive": 1319, "false_positive": 124, "true_negative": 14771, "false_negative": 61, "precision": 0.9140679140679141, "recall": 0.9557971014492753, "f1": 0.9344668792065179}, "PROPN": {"true_positive": 678, "false_positive": 88, "true_negative": 15453, "false_negative": 56, "precision": 0.8851174934725848, "recall": 0.9237057220708447, "f1": 0.904}, "PUNCT": {"true_positive": 2149, "false_positive": 71, "true_negative": 14055, "false_negative": 0, "precision": 0.968018018018018, "recall": 1.0, "f1": 0.9837491416800183}, "SCONJ": {"true_positive": 117, "false_positive": 20, "true_negative": 15941, "false_negative": 197, "precision": 0.8540145985401459, "recall": 0.37261146496815284, "f1": 0.5188470066518847}, "SYM": {"true_positive": 0, "false_positive": 0, "true_negative": 16261, "false_negative": 14, "precision": 0, "recall": 0.0, "f1": 0.0}, "VERB": {"true_positive": 1515, "false_positive": 326, "true_negative": 14144, "false_negative": 290, "precision": 0.8229223248234655, "recall": 0.8393351800554016, "f1": 0.8310477235326386}, "X": {"true_positive": 0, "false_positive": 0, "true_negative": 16262, "false_negative": 13, "precision": 0, "recall": 0.0, "f1": 0.0}, "macro_precision": 0.7775895327114037, "macro_recall": 0.7103542765088747, "macro_f1": 0.7254013062235363, "weighted_precision": 0.8765584963169168, "weighted_recall": 0.8782181259600614, "weighted_f1": 0.8728589247439666, "accuracy": 0.8782181259600614}