{"ADJ": {"true_positive": 556, "false_positive": 185, "true_negative": 14971, "false_negative": 563, "precision": 0.7503373819163293, "recall": 0.4968722073279714, "f1": 0.5978494623655914}, "ADP": {"true_positive": 1474, "false_positive": 228, "true_negative": 14436, "false_negative": 137, "precision": 0.8660399529964747, "recall": 0.91495965238982, "f1": 0.889827950498038}, "ADV": {"true_positive": 382, "false_positive": 217, "true_negative": 15374, "false_negative": 302, "precision": 0.6377295492487479, "recall": 0.5584795321637427, "f1": 0.5954793452844894}, "AUX": {"true_positive": 729, "false_positive": 94, "true_negative": 15350, "false_negative": 102, "precision": 0.8857837181044957, "recall": 0.8772563176895307, "f1": 0.8814993954050786}, "CCONJ": {"true_positive": 490, "false_positive": 6, "true_negative": 15698, "false_negative": 81, "precision": 0.9879032258064516, "recall": 0.8581436077057794, "f1": 0.9184629803186504}, "DET": {"true_positive": 1271, "false_positive": 58, "true_negative": 14880, "false_negative": 66, "precision": 0.9563581640331076, "recall": 0.9506357516828721, "f1": 0.9534883720930233}, "INTJ": {"true_positive": 34, "false_positive": 0, "true_negative": 16193, "false_negative": 48, "precision": 1.0, "recall": 0.4146341463414634, "f1": 0.5862068965517241}, "NOUN": {"true_positive": 2638, "false_positive": 812, "true_negative": 12533, "false_negative": 292, "precision": 0.7646376811594203, "recall": 0.9003412969283277, "f1": 0.8269592476489028}, "NUM": {"true_positive": 254, "false_positive": 22, "true_negative": 15973, "false_negative": 26, "precision": 0.9202898550724637, "recall": 0.9071428571428571, "f1": 0.9136690647482014}, "PART": {"true_positive": 356, "false_positive": 92, "true_negative": 15762, "false_negative": 65, "precision": 0.7946428571428571, "recall": 0.8456057007125891, "f1": 0.8193325661680092}, "PRON": {"true_positive": 1329, "false_positive": 107, "true_negative": 14788, "false_negative": 51, "precision": 0.9254874651810585, "recall": 0.9630434782608696, "f1": 0.9438920454545454}, "PROPN": {"true_positive": 663, "false_positive": 96, "true_negative": 15445, "false_negative": 71, "precision": 0.8735177865612648, "recall": 0.9032697547683923, "f1": 0.8881446751507033}, "PUNCT": {"true_positive": 2149, "false_positive": 46, "true_negative": 14080, "false_negative": 0, "precision": 0.9790432801822323, "recall": 1.0, "f1": 0.9894106813996317}, "SCONJ": {"true_positive": 140, "false_positive": 30, "true_negative": 15931, "false_negative": 174, "precision": 0.8235294117647058, "recall": 0.445859872611465, "f1": 0.5785123966942148}, "SYM": {"true_positive": 0, "false_positive": 0, "true_negative": 16261, "false_negative": 14, "precision": 0, "recall": 0.0, "f1": 0.0}, "VERB": {"true_positive": 1296, "false_positive": 521, "true_negative": 13949, "false_negative": 509, "precision": 0.71326362135388, "recall": 0.718005540166205, "f1": 0.7156267255659856}, "X": {"true_positive": 0, "false_positive": 0, "true_negative": 16262, "false_negative": 13, "precision": 0, "recall": 0.0, "f1": 0.0}, "macro_precision": 0.7575625853249113, "macro_recall": 0.6914264538759932, "macro_f1": 0.7116683414909876, "weighted_precision": 0.8437970402230583, "weighted_recall": 0.8455299539170508, "weighted_f1": 0.8397846004353307, "accuracy": 0.8455299539170507}