{"ADJ": {"true_positive": 583, "false_positive": 187, "true_negative": 14969, "false_negative": 536, "precision": 0.7571428571428571, "recall": 0.5210008936550492, "f1": 0.6172578083642138}, "ADP": {"true_positive": 1473, "false_positive": 213, "true_negative": 14451, "false_negative": 138, "precision": 0.8736654804270463, "recall": 0.9143389199255121, "f1": 0.8935395814376706}, "ADV": {"true_positive": 361, "false_positive": 181, "true_negative": 15410, "false_negative": 323, "precision": 0.6660516605166051, "recall": 0.5277777777777778, "f1": 0.5889070146818923}, "AUX": {"true_positive": 770, "false_positive": 94, "true_negative": 15350, "false_negative": 61, "precision": 0.8912037037037037, "recall": 0.9265944645006017, "f1": 0.9085545722713865}, "CCONJ": {"true_positive": 494, "false_positive": 4, "true_negative": 15700, "false_negative": 77, "precision": 0.9919678714859438, "recall": 0.8651488616462347, "f1": 0.9242282507015903}, "DET": {"true_positive": 1280, "false_positive": 38, "true_negative": 14900, "false_negative": 57, "precision": 0.9711684370257967, "recall": 0.9573672400897532, "f1": 0.9642184557438794}, "INTJ": {"true_positive": 26, "false_positive": 0, "true_negative": 16193, "false_negative": 56, "precision": 1.0, "recall": 0.3170731707317073, "f1": 0.48148148148148145}, "NOUN": {"true_positive": 2669, "false_positive": 835, "true_negative": 12510, "false_negative": 261, "precision": 0.7617009132420092, "recall": 0.9109215017064847, "f1": 0.8296549580354368}, "NUM": {"true_positive": 254, "false_positive": 17, "true_negative": 15978, "false_negative": 26, "precision": 0.9372693726937269, "recall": 0.9071428571428571, "f1": 0.9219600725952813}, "PART": {"true_positive": 372, "false_positive": 101, "true_negative": 15753, "false_negative": 49, "precision": 0.7864693446088795, "recall": 0.8836104513064132, "f1": 0.8322147651006712}, "PRON": {"true_positive": 1321, "false_positive": 103, "true_negative": 14792, "false_negative": 59, "precision": 0.9276685393258427, "recall": 0.9572463768115942, "f1": 0.942225392296719}, "PROPN": {"true_positive": 673, "false_positive": 102, "true_negative": 15439, "false_negative": 61, "precision": 0.8683870967741936, "recall": 0.9168937329700273, "f1": 0.8919814446653412}, "PUNCT": {"true_positive": 2149, "false_positive": 54, "true_negative": 14072, "false_negative": 0, "precision": 0.9754879709487063, "recall": 1.0, "f1": 0.9875919117647058}, "SCONJ": {"true_positive": 139, "false_positive": 41, "true_negative": 15920, "false_negative": 175, "precision": 0.7722222222222223, "recall": 0.4426751592356688, "f1": 0.562753036437247}, "SYM": {"true_positive": 0, "false_positive": 0, "true_negative": 16261, "false_negative": 14, "precision": 0, "recall": 0.0, "f1": 0.0}, "VERB": {"true_positive": 1302, "false_positive": 439, "true_negative": 14031, "false_negative": 503, "precision": 0.7478460654796094, "recall": 0.7213296398891966, "f1": 0.7343485617597293}, "X": {"true_positive": 0, "false_positive": 0, "true_negative": 16262, "false_negative": 13, "precision": 0, "recall": 0.0, "f1": 0.0}, "macro_precision": 0.7604853844468908, "macro_recall": 0.6923012380816987, "macro_f1": 0.7106421945492497, "weighted_precision": 0.8497277049263754, "weighted_recall": 0.8519815668202765, "weighted_f1": 0.8456728233394113, "accuracy": 0.8519815668202765}