{"ADJ": {"true_positive": 646, "false_positive": 161, "true_negative": 14995, "false_negative": 473, "precision": 0.8004956629491945, "recall": 0.5773011617515639, "f1": 0.6708203530633438}, "ADP": {"true_positive": 1439, "false_positive": 206, "true_negative": 14458, "false_negative": 172, "precision": 0.8747720364741641, "recall": 0.8932340161390441, "f1": 0.8839066339066339}, "ADV": {"true_positive": 381, "false_positive": 172, "true_negative": 15419, "false_negative": 303, "precision": 0.6889692585895117, "recall": 0.5570175438596491, "f1": 0.6160064672594988}, "AUX": {"true_positive": 750, "false_positive": 104, "true_negative": 15340, "false_negative": 81, "precision": 0.8782201405152225, "recall": 0.9025270758122743, "f1": 0.8902077151335311}, "CCONJ": {"true_positive": 491, "false_positive": 13, "true_negative": 15691, "false_negative": 80, "precision": 0.9742063492063492, "recall": 0.8598949211908932, "f1": 0.9134883720930232}, "DET": {"true_positive": 1247, "false_positive": 45, "true_negative": 14893, "false_negative": 90, "precision": 0.9651702786377709, "recall": 0.9326851159311892, "f1": 0.9486496766831495}, "INTJ": {"true_positive": 24, "false_positive": 8, "true_negative": 16185, "false_negative": 58, "precision": 0.75, "recall": 0.2926829268292683, "f1": 0.42105263157894735}, "NOUN": {"true_positive": 2630, "false_positive": 715, "true_negative": 12630, "false_negative": 300, "precision": 0.7862481315396114, "recall": 0.8976109215017065, "f1": 0.8382470119521912}, "NUM": {"true_positive": 219, "false_positive": 21, "true_negative": 15974, "false_negative": 61, "precision": 0.9125, "recall": 0.7821428571428571, "f1": 0.8423076923076923}, "PART": {"true_positive": 346, "false_positive": 132, "true_negative": 15722, "false_negative": 75, "precision": 0.7238493723849372, "recall": 0.8218527315914489, "f1": 0.7697441601779755}, "PRON": {"true_positive": 1331, "false_positive": 207, "true_negative": 14688, "false_negative": 49, "precision": 0.8654096228868661, "recall": 0.9644927536231884, "f1": 0.912268677176148}, "PROPN": {"true_positive": 476, "false_positive": 172, "true_negative": 15369, "false_negative": 258, "precision": 0.7345679012345679, "recall": 0.6485013623978202, "f1": 0.6888567293777135}, "PUNCT": {"true_positive": 2144, "false_positive": 84, "true_negative": 14042, "false_negative": 5, "precision": 0.9622980251346499, "recall": 0.9976733364355514, "f1": 0.9796664381996801}, "SCONJ": {"true_positive": 109, "false_positive": 46, "true_negative": 15915, "false_negative": 205, "precision": 0.7032258064516129, "recall": 0.3471337579617834, "f1": 0.464818763326226}, "SYM": {"true_positive": 0, "false_positive": 0, "true_negative": 16261, "false_negative": 14, "precision": 0, "recall": 0.0, "f1": 0.0}, "VERB": {"true_positive": 1480, "false_positive": 476, "true_negative": 13994, "false_negative": 325, "precision": 0.7566462167689162, "recall": 0.8199445983379502, "f1": 0.7870247274660994}, "X": {"true_positive": 0, "false_positive": 0, "true_negative": 16262, "false_negative": 13, "precision": 0, "recall": 0.0, "f1": 0.0}, "macro_precision": 0.7280340472219631, "macro_recall": 0.6643938282650698, "macro_f1": 0.6839450617471678, "weighted_precision": 0.8397048421482125, "weighted_recall": 0.8425806451612904, "weighted_f1": 0.8364095296947511, "accuracy": 0.8425806451612903}