{"ADJ": {"true_positive": 661, "false_positive": 160, "true_negative": 14996, "false_negative": 458, "precision": 0.805115712545676, "recall": 0.5907059874888293, "f1": 0.6814432989690722}, "ADP": {"true_positive": 1429, "false_positive": 227, "true_negative": 14437, "false_negative": 182, "precision": 0.8629227053140096, "recall": 0.8870266914959652, "f1": 0.8748086929905112}, "ADV": {"true_positive": 426, "false_positive": 198, "true_negative": 15393, "false_negative": 258, "precision": 0.6826923076923077, "recall": 0.6228070175438597, "f1": 0.6513761467889908}, "AUX": {"true_positive": 754, "false_positive": 114, "true_negative": 15330, "false_negative": 77, "precision": 0.868663594470046, "recall": 0.9073405535499398, "f1": 0.8875809299587993}, "CCONJ": {"true_positive": 491, "false_positive": 4, "true_negative": 15700, "false_negative": 80, "precision": 0.9919191919191919, "recall": 0.8598949211908932, "f1": 0.9212007504690432}, "DET": {"true_positive": 1265, "false_positive": 73, "true_negative": 14865, "false_negative": 72, "precision": 0.945440956651719, "recall": 0.9461480927449514, "f1": 0.9457943925233645}, "INTJ": {"true_positive": 25, "false_positive": 5, "true_negative": 16188, "false_negative": 57, "precision": 0.8333333333333334, "recall": 0.3048780487804878, "f1": 0.44642857142857145}, "NOUN": {"true_positive": 2598, "false_positive": 708, "true_negative": 12637, "false_negative": 332, "precision": 0.7858439201451906, "recall": 0.8866894197952219, "f1": 0.8332264271969211}, "NUM": {"true_positive": 231, "false_positive": 32, "true_negative": 15963, "false_negative": 49, "precision": 0.8783269961977186, "recall": 0.825, "f1": 0.850828729281768}, "PART": {"true_positive": 381, "false_positive": 132, "true_negative": 15722, "false_negative": 40, "precision": 0.7426900584795322, "recall": 0.9049881235154394, "f1": 0.815845824411135}, "PRON": {"true_positive": 1320, "false_positive": 212, "true_negative": 14683, "false_negative": 60, "precision": 0.8616187989556136, "recall": 0.9565217391304348, "f1": 0.9065934065934066}, "PROPN": {"true_positive": 465, "false_positive": 141, "true_negative": 15400, "false_negative": 269, "precision": 0.7673267326732673, "recall": 0.6335149863760218, "f1": 0.6940298507462687}, "PUNCT": {"true_positive": 2148, "false_positive": 129, "true_negative": 13997, "false_negative": 1, "precision": 0.9433465085638999, "recall": 0.9995346672871103, "f1": 0.9706281066425666}, "SCONJ": {"true_positive": 87, "false_positive": 11, "true_negative": 15950, "false_negative": 227, "precision": 0.8877551020408163, "recall": 0.2770700636942675, "f1": 0.4223300970873786}, "SYM": {"true_positive": 0, "false_positive": 1, "true_negative": 16260, "false_negative": 14, "precision": 0.0, "recall": 0.0, "f1": 0.0}, "VERB": {"true_positive": 1443, "false_positive": 404, "true_negative": 14066, "false_negative": 362, "precision": 0.781266919328641, "recall": 0.7994459833795013, "f1": 0.7902519167579408}, "X": {"true_positive": 0, "false_positive": 0, "true_negative": 16262, "false_negative": 13, "precision": 0, "recall": 0.0, "f1": 0.0}, "macro_precision": 0.7434272257829977, "macro_recall": 0.6706803703513484, "macro_f1": 0.6877863024615141, "weighted_precision": 0.8422893861310341, "weighted_recall": 0.843256528417819, "weighted_f1": 0.8362876994316597, "accuracy": 0.8432565284178187}