{"ADJ": {"true_positive": 516, "false_positive": 197, "true_negative": 14959, "false_negative": 603, "precision": 0.7237026647966339, "recall": 0.46112600536193027, "f1": 0.5633187772925764}, "ADP": {"true_positive": 1447, "false_positive": 228, "true_negative": 14436, "false_negative": 164, "precision": 0.8638805970149254, "recall": 0.8981998758535071, "f1": 0.8807060255629945}, "ADV": {"true_positive": 338, "false_positive": 187, "true_negative": 15404, "false_negative": 346, "precision": 0.6438095238095238, "recall": 0.49415204678362573, "f1": 0.5591397849462365}, "AUX": {"true_positive": 751, "false_positive": 97, "true_negative": 15347, "false_negative": 80, "precision": 0.8856132075471698, "recall": 0.9037304452466908, "f1": 0.8945801072066706}, "CCONJ": {"true_positive": 491, "false_positive": 3, "true_negative": 15701, "false_negative": 80, "precision": 0.9939271255060729, "recall": 0.8598949211908932, "f1": 0.9220657276995305}, "DET": {"true_positive": 1253, "false_positive": 43, "true_negative": 14895, "false_negative": 84, "precision": 0.966820987654321, "recall": 0.93717277486911, "f1": 0.9517660463349791}, "INTJ": {"true_positive": 23, "false_positive": 0, "true_negative": 16193, "false_negative": 59, "precision": 1.0, "recall": 0.2804878048780488, "f1": 0.4380952380952381}, "NOUN": {"true_positive": 2649, "false_positive": 1088, "true_negative": 12257, "false_negative": 281, "precision": 0.7088573722237088, "recall": 0.9040955631399318, "f1": 0.7946602669866507}, "NUM": {"true_positive": 259, "false_positive": 16, "true_negative": 15979, "false_negative": 21, "precision": 0.9418181818181818, "recall": 0.925, "f1": 0.9333333333333333}, "PART": {"true_positive": 377, "false_positive": 121, "true_negative": 15733, "false_negative": 44, "precision": 0.7570281124497992, "recall": 0.8954869358669834, "f1": 0.8204570184983678}, "PRON": {"true_positive": 1308, "false_positive": 170, "true_negative": 14725, "false_negative": 72, "precision": 0.8849797023004059, "recall": 0.9478260869565217, "f1": 0.9153254023792862}, "PROPN": {"true_positive": 482, "false_positive": 143, "true_negative": 15398, "false_negative": 252, "precision": 0.7712, "recall": 0.6566757493188011, "f1": 0.7093451066961001}, "PUNCT": {"true_positive": 2149, "false_positive": 48, "true_negative": 14078, "false_negative": 0, "precision": 0.9781520254893036, "recall": 1.0, "f1": 0.9889553612517257}, "SCONJ": {"true_positive": 78, "false_positive": 13, "true_negative": 15948, "false_negative": 236, "precision": 0.8571428571428571, "recall": 0.2484076433121019, "f1": 0.3851851851851852}, "SYM": {"true_positive": 0, "false_positive": 0, "true_negative": 16261, "false_negative": 14, "precision": 0, "recall": 0.0, "f1": 0.0}, "VERB": {"true_positive": 1230, "false_positive": 570, "true_negative": 13900, "false_negative": 575, "precision": 0.6833333333333333, "recall": 0.6814404432132964, "f1": 0.6823855755894591}, "X": {"true_positive": 0, "false_positive": 0, "true_negative": 16262, "false_negative": 13, "precision": 0, "recall": 0.0, "f1": 0.0}, "macro_precision": 0.7447215112403669, "macro_recall": 0.6525703703524377, "macro_f1": 0.6729011151210784, "weighted_precision": 0.8215869926414874, "weighted_recall": 0.8203379416282643, "weighted_f1": 0.8114765721881365, "accuracy": 0.8203379416282642}