{"ADJ": {"true_positive": 693, "false_positive": 157, "true_negative": 14999, "false_negative": 426, "precision": 0.8152941176470588, "recall": 0.6193029490616622, "f1": 0.7039106145251397}, "ADP": {"true_positive": 1479, "false_positive": 216, "true_negative": 14448, "false_negative": 132, "precision": 0.8725663716814159, "recall": 0.9180633147113594, "f1": 0.8947368421052632}, "ADV": {"true_positive": 418, "false_positive": 143, "true_negative": 15448, "false_negative": 266, "precision": 0.7450980392156863, "recall": 0.6111111111111112, "f1": 0.6714859437751004}, "AUX": {"true_positive": 764, "false_positive": 95, "true_negative": 15349, "false_negative": 67, "precision": 0.889406286379511, "recall": 0.9193742478941035, "f1": 0.9041420118343195}, "CCONJ": {"true_positive": 511, "false_positive": 4, "true_negative": 15700, "false_negative": 60, "precision": 0.9922330097087378, "recall": 0.8949211908931699, "f1": 0.9410681399631676}, "DET": {"true_positive": 1275, "false_positive": 51, "true_negative": 14887, "false_negative": 62, "precision": 0.9615384615384616, "recall": 0.9536275243081526, "f1": 0.9575666541494555}, "INTJ": {"true_positive": 34, "false_positive": 0, "true_negative": 16193, "false_negative": 48, "precision": 1.0, "recall": 0.4146341463414634, "f1": 0.5862068965517241}, "NOUN": {"true_positive": 2702, "false_positive": 734, "true_negative": 12611, "false_negative": 228, "precision": 0.7863795110593713, "recall": 0.922184300341297, "f1": 0.8488846999685831}, "NUM": {"true_positive": 269, "false_positive": 15, "true_negative": 15980, "false_negative": 11, "precision": 0.9471830985915493, "recall": 0.9607142857142857, "f1": 0.9539007092198581}, "PART": {"true_positive": 374, "false_positive": 96, "true_negative": 15758, "false_negative": 47, "precision": 0.7957446808510639, "recall": 0.8883610451306413, "f1": 0.8395061728395061}, "PRON": {"true_positive": 1316, "false_positive": 115, "true_negative": 14780, "false_negative": 64, "precision": 0.9196366177498253, "recall": 0.9536231884057971, "f1": 0.9363215937388829}, "PROPN": {"true_positive": 474, "false_positive": 133, "true_negative": 15408, "false_negative": 260, "precision": 0.7808896210873146, "recall": 0.6457765667574932, "f1": 0.7069351230425056}, "PUNCT": {"true_positive": 2148, "false_positive": 34, "true_negative": 14092, "false_negative": 1, "precision": 0.9844179651695693, "recall": 0.9995346672871103, "f1": 0.9919187254675594}, "SCONJ": {"true_positive": 129, "false_positive": 40, "true_negative": 15921, "false_negative": 185, "precision": 0.7633136094674556, "recall": 0.410828025477707, "f1": 0.5341614906832298}, "SYM": {"true_positive": 0, "false_positive": 0, "true_negative": 16261, "false_negative": 14, "precision": 0, "recall": 0.0, "f1": 0.0}, "VERB": {"true_positive": 1488, "false_positive": 368, "true_negative": 14102, "false_negative": 317, "precision": 0.8017241379310345, "recall": 0.824376731301939, "f1": 0.8128926522807975}, "X": {"true_positive": 0, "false_positive": 0, "true_negative": 16262, "false_negative": 13, "precision": 0, "recall": 0.0, "f1": 0.0}, "macro_precision": 0.7679662075340032, "macro_recall": 0.7021431349845466, "macro_f1": 0.7225669570673585, "weighted_precision": 0.8632746056135039, "weighted_recall": 0.8647619047619047, "weighted_f1": 0.8596511737078151, "accuracy": 0.8647619047619047}