{"ADJ": {"true_positive": 500, "false_positive": 134, "true_negative": 15022, "false_negative": 619, "precision": 0.7886435331230284, "recall": 0.44682752457551383, "f1": 0.5704506560182544}, "ADP": {"true_positive": 1480, "false_positive": 222, "true_negative": 14442, "false_negative": 131, "precision": 0.8695652173913043, "recall": 0.9186840471756673, "f1": 0.8934500452761848}, "ADV": {"true_positive": 380, "false_positive": 173, "true_negative": 15418, "false_negative": 304, "precision": 0.6871609403254972, "recall": 0.5555555555555556, "f1": 0.6143896523848019}, "AUX": {"true_positive": 776, "false_positive": 103, "true_negative": 15341, "false_negative": 55, "precision": 0.8828213879408419, "recall": 0.9338146811070999, "f1": 0.9076023391812865}, "CCONJ": {"true_positive": 505, "false_positive": 2, "true_negative": 15702, "false_negative": 66, "precision": 0.9960552268244576, "recall": 0.8844133099824869, "f1": 0.9369202226345084}, "DET": {"true_positive": 1288, "false_positive": 54, "true_negative": 14884, "false_negative": 49, "precision": 0.9597615499254843, "recall": 0.9633507853403142, "f1": 0.9615528182157521}, "INTJ": {"true_positive": 35, "false_positive": 0, "true_negative": 16193, "false_negative": 47, "precision": 1.0, "recall": 0.4268292682926829, "f1": 0.5982905982905983}, "NOUN": {"true_positive": 2697, "false_positive": 812, "true_negative": 12533, "false_negative": 233, "precision": 0.768595041322314, "recall": 0.9204778156996587, "f1": 0.8377077185898432}, "NUM": {"true_positive": 263, "false_positive": 12, "true_negative": 15983, "false_negative": 17, "precision": 0.9563636363636364, "recall": 0.9392857142857143, "f1": 0.9477477477477477}, "PART": {"true_positive": 371, "false_positive": 98, "true_negative": 15756, "false_negative": 50, "precision": 0.7910447761194029, "recall": 0.8812351543942993, "f1": 0.8337078651685393}, "PRON": {"true_positive": 1325, "false_positive": 107, "true_negative": 14788, "false_negative": 55, "precision": 0.9252793296089385, "recall": 0.9601449275362319, "f1": 0.9423897581792319}, "PROPN": {"true_positive": 677, "false_positive": 99, "true_negative": 15442, "false_negative": 57, "precision": 0.8724226804123711, "recall": 0.9223433242506812, "f1": 0.8966887417218543}, "PUNCT": {"true_positive": 2149, "false_positive": 33, "true_negative": 14093, "false_negative": 0, "precision": 0.9848762603116407, "recall": 1.0, "f1": 0.9923805125836989}, "SCONJ": {"true_positive": 134, "false_positive": 20, "true_negative": 15941, "false_negative": 180, "precision": 0.8701298701298701, "recall": 0.4267515923566879, "f1": 0.5726495726495726}, "SYM": {"true_positive": 1, "false_positive": 0, "true_negative": 16261, "false_negative": 13, "precision": 1.0, "recall": 0.07142857142857142, "f1": 0.13333333333333333}, "VERB": {"true_positive": 1347, "false_positive": 478, "true_negative": 13992, "false_negative": 458, "precision": 0.7380821917808219, "recall": 0.7462603878116344, "f1": 0.7421487603305785}, "X": {"true_positive": 0, "false_positive": 0, "true_negative": 16262, "false_negative": 13, "precision": 0, "recall": 0.0, "f1": 0.0}, "macro_precision": 0.8288706847988005, "macro_recall": 0.7057295682231058, "macro_f1": 0.728318255429752, "weighted_precision": 0.8557265832989884, "weighted_recall": 0.8557910906298003, "weighted_f1": 0.8482441801816436, "accuracy": 0.8557910906298003}