{"ADJ": {"true_positive": 699, "false_positive": 146, "true_negative": 15010, "false_negative": 420, "precision": 0.8272189349112427, "recall": 0.6246648793565683, "f1": 0.7118126272912424}, "ADP": {"true_positive": 1461, "false_positive": 206, "true_negative": 14458, "false_negative": 150, "precision": 0.8764247150569886, "recall": 0.9068901303538175, "f1": 0.8913971934106162}, "ADV": {"true_positive": 447, "false_positive": 179, "true_negative": 15412, "false_negative": 237, "precision": 0.7140575079872205, "recall": 0.6535087719298246, "f1": 0.6824427480916031}, "AUX": {"true_positive": 767, "false_positive": 96, "true_negative": 15348, "false_negative": 64, "precision": 0.8887601390498262, "recall": 0.9229843561973526, "f1": 0.9055489964580874}, "CCONJ": {"true_positive": 500, "false_positive": 8, "true_negative": 15696, "false_negative": 71, "precision": 0.984251968503937, "recall": 0.8756567425569177, "f1": 0.9267840593141798}, "DET": {"true_positive": 1284, "false_positive": 42, "true_negative": 14896, "false_negative": 53, "precision": 0.9683257918552036, "recall": 0.9603590127150337, "f1": 0.9643259481787457}, "INTJ": {"true_positive": 31, "false_positive": 0, "true_negative": 16193, "false_negative": 51, "precision": 1.0, "recall": 0.3780487804878049, "f1": 0.5486725663716814}, "NOUN": {"true_positive": 2707, "false_positive": 573, "true_negative": 12772, "false_negative": 223, "precision": 0.8253048780487805, "recall": 0.9238907849829352, "f1": 0.8718196457326892}, "NUM": {"true_positive": 271, "false_positive": 15, "true_negative": 15980, "false_negative": 9, "precision": 0.9475524475524476, "recall": 0.9678571428571429, "f1": 0.9575971731448764}, "PART": {"true_positive": 383, "false_positive": 115, "true_negative": 15739, "false_negative": 38, "precision": 0.7690763052208835, "recall": 0.9097387173396675, "f1": 0.8335146898803046}, "PRON": {"true_positive": 1335, "false_positive": 91, "true_negative": 14804, "false_negative": 45, "precision": 0.9361851332398317, "recall": 0.967391304347826, "f1": 0.9515324305060584}, "PROPN": {"true_positive": 648, "false_positive": 69, "true_negative": 15472, "false_negative": 86, "precision": 0.9037656903765691, "recall": 0.8828337874659401, "f1": 0.8931771192281185}, "PUNCT": {"true_positive": 2149, "false_positive": 35, "true_negative": 14091, "false_negative": 0, "precision": 0.9839743589743589, "recall": 1.0, "f1": 0.9919224555735057}, "SCONJ": {"true_positive": 133, "false_positive": 23, "true_negative": 15938, "false_negative": 181, "precision": 0.8525641025641025, "recall": 0.42356687898089174, "f1": 0.5659574468085107}, "SYM": {"true_positive": 0, "false_positive": 0, "true_negative": 16261, "false_negative": 14, "precision": 0, "recall": 0.0, "f1": 0.0}, "VERB": {"true_positive": 1509, "false_positive": 353, "true_negative": 14117, "false_negative": 296, "precision": 0.8104189044038668, "recall": 0.83601108033241, "f1": 0.8230160894464139}, "X": {"true_positive": 0, "false_positive": 0, "true_negative": 16262, "false_negative": 13, "precision": 0, "recall": 0.0, "f1": 0.0}, "macro_precision": 0.7816400516320742, "macro_recall": 0.7196119041120079, "macro_f1": 0.7364424229080372, "weighted_precision": 0.8793132672230591, "weighted_recall": 0.8801228878648233, "weighted_f1": 0.8757248022491831, "accuracy": 0.8801228878648234}