{"ADJ": {"true_positive": 645, "false_positive": 155, "true_negative": 15001, "false_negative": 474, "precision": 0.80625, "recall": 0.5764075067024129, "f1": 0.6722251172485669}, "ADP": {"true_positive": 1444, "false_positive": 227, "true_negative": 14437, "false_negative": 167, "precision": 0.8641532016756434, "recall": 0.8963376784605835, "f1": 0.8799512492382694}, "ADV": {"true_positive": 400, "false_positive": 153, "true_negative": 15438, "false_negative": 284, "precision": 0.7233273056057866, "recall": 0.5847953216374269, "f1": 0.6467259498787389}, "AUX": {"true_positive": 760, "false_positive": 106, "true_negative": 15338, "false_negative": 71, "precision": 0.8775981524249422, "recall": 0.914560770156438, "f1": 0.8956982911019447}, "CCONJ": {"true_positive": 494, "false_positive": 5, "true_negative": 15699, "false_negative": 77, "precision": 0.9899799599198397, "recall": 0.8651488616462347, "f1": 0.9233644859813084}, "DET": {"true_positive": 1250, "false_positive": 45, "true_negative": 14893, "false_negative": 87, "precision": 0.9652509652509652, "recall": 0.9349289454001496, "f1": 0.9498480243161094}, "INTJ": {"true_positive": 17, "false_positive": 0, "true_negative": 16193, "false_negative": 65, "precision": 1.0, "recall": 0.2073170731707317, "f1": 0.3434343434343434}, "NOUN": {"true_positive": 2670, "false_positive": 768, "true_negative": 12577, "false_negative": 260, "precision": 0.7766143106457243, "recall": 0.9112627986348123, "f1": 0.8385678391959799}, "NUM": {"true_positive": 259, "false_positive": 12, "true_negative": 15983, "false_negative": 21, "precision": 0.955719557195572, "recall": 0.925, "f1": 0.9401088929219601}, "PART": {"true_positive": 355, "false_positive": 120, "true_negative": 15734, "false_negative": 66, "precision": 0.7473684210526316, "recall": 0.8432304038004751, "f1": 0.7924107142857143}, "PRON": {"true_positive": 1318, "false_positive": 225, "true_negative": 14670, "false_negative": 62, "precision": 0.8541801685029164, "recall": 0.9550724637681159, "f1": 0.901813205610674}, "PROPN": {"true_positive": 505, "false_positive": 138, "true_negative": 15403, "false_negative": 229, "precision": 0.7853810264385692, "recall": 0.6880108991825613, "f1": 0.7334785766158315}, "PUNCT": {"true_positive": 2149, "false_positive": 59, "true_negative": 14067, "false_negative": 0, "precision": 0.9732789855072463, "recall": 1.0, "f1": 0.9864585724122102}, "SCONJ": {"true_positive": 106, "false_positive": 21, "true_negative": 15940, "false_negative": 208, "precision": 0.8346456692913385, "recall": 0.3375796178343949, "f1": 0.48072562358276644}, "SYM": {"true_positive": 0, "false_positive": 0, "true_negative": 16261, "false_negative": 14, "precision": 0, "recall": 0.0, "f1": 0.0}, "VERB": {"true_positive": 1451, "false_positive": 418, "true_negative": 14052, "false_negative": 354, "precision": 0.7763509898341359, "recall": 0.8038781163434903, "f1": 0.7898747958628198}, "X": {"true_positive": 0, "false_positive": 0, "true_negative": 16262, "false_negative": 13, "precision": 0, "recall": 0.0, "f1": 0.0}, "macro_precision": 0.7605940419614887, "macro_recall": 0.6731488503963429, "macro_f1": 0.692628569511014, "weighted_precision": 0.8494091693595518, "weighted_recall": 0.8493394777265746, "weighted_f1": 0.8427123033807054, "accuracy": 0.8493394777265745}