{"ADJ": {"true_positive": 483, "false_positive": 142, "true_negative": 15014, "false_negative": 636, "precision": 0.7728, "recall": 0.4316353887399464, "f1": 0.5538990825688074}, "ADP": {"true_positive": 1427, "false_positive": 216, "true_negative": 14448, "false_negative": 184, "precision": 0.8685331710286062, "recall": 0.8857852265673495, "f1": 0.8770743700061463}, "ADV": {"true_positive": 341, "false_positive": 192, "true_negative": 15399, "false_negative": 343, "precision": 0.6397748592870544, "recall": 0.49853801169590645, "f1": 0.5603944124897289}, "AUX": {"true_positive": 754, "false_positive": 86, "true_negative": 15358, "false_negative": 77, "precision": 0.8976190476190476, "recall": 0.9073405535499398, "f1": 0.9024536205864752}, "CCONJ": {"true_positive": 492, "false_positive": 2, "true_negative": 15702, "false_negative": 79, "precision": 0.9959514170040485, "recall": 0.861646234676007, "f1": 0.923943661971831}, "DET": {"true_positive": 1256, "false_positive": 46, "true_negative": 14892, "false_negative": 81, "precision": 0.9646697388632872, "recall": 0.9394166043380703, "f1": 0.9518757104964002}, "INTJ": {"true_positive": 29, "false_positive": 0, "true_negative": 16193, "false_negative": 53, "precision": 1.0, "recall": 0.35365853658536583, "f1": 0.5225225225225225}, "NOUN": {"true_positive": 2667, "false_positive": 828, "true_negative": 12517, "false_negative": 263, "precision": 0.7630901287553649, "recall": 0.9102389078498293, "f1": 0.8301945525291828}, "NUM": {"true_positive": 258, "false_positive": 10, "true_negative": 15985, "false_negative": 22, "precision": 0.9626865671641791, "recall": 0.9214285714285714, "f1": 0.9416058394160584}, "PART": {"true_positive": 371, "false_positive": 116, "true_negative": 15738, "false_negative": 50, "precision": 0.7618069815195072, "recall": 0.8812351543942993, "f1": 0.8171806167400881}, "PRON": {"true_positive": 1308, "false_positive": 184, "true_negative": 14711, "false_negative": 72, "precision": 0.8766756032171582, "recall": 0.9478260869565217, "f1": 0.9108635097493036}, "PROPN": {"true_positive": 677, "false_positive": 113, "true_negative": 15428, "false_negative": 57, "precision": 0.8569620253164557, "recall": 0.9223433242506812, "f1": 0.8884514435695539}, "PUNCT": {"true_positive": 2148, "false_positive": 34, "true_negative": 14092, "false_negative": 1, "precision": 0.9844179651695693, "recall": 0.9995346672871103, "f1": 0.9919187254675594}, "SCONJ": {"true_positive": 98, "false_positive": 16, "true_negative": 15945, "false_negative": 216, "precision": 0.8596491228070176, "recall": 0.31210191082802546, "f1": 0.45794392523364486}, "SYM": {"true_positive": 0, "false_positive": 0, "true_negative": 16261, "false_negative": 14, "precision": 0, "recall": 0.0, "f1": 0.0}, "VERB": {"true_positive": 1341, "false_positive": 640, "true_negative": 13830, "false_negative": 464, "precision": 0.6769308430085815, "recall": 0.7429362880886426, "f1": 0.7083993660855784}, "X": {"true_positive": 0, "false_positive": 0, "true_negative": 16262, "false_negative": 13, "precision": 0, "recall": 0.0, "f1": 0.0}, "macro_precision": 0.7577392629858751, "macro_recall": 0.6773920863080156, "macro_f1": 0.6963953740842872, "weighted_precision": 0.8393365891528443, "weighted_recall": 0.8387096774193548, "weighted_f1": 0.8302587667623638, "accuracy": 0.8387096774193549}