{"ADJ": {"true_positive": 465, "false_positive": 161, "true_negative": 14995, "false_negative": 654, "precision": 0.7428115015974441, "recall": 0.4155495978552279, "f1": 0.5329512893982808}, "ADP": {"true_positive": 1439, "false_positive": 235, "true_negative": 14429, "false_negative": 172, "precision": 0.8596176821983273, "recall": 0.8932340161390441, "f1": 0.876103500761035}, "ADV": {"true_positive": 366, "false_positive": 227, "true_negative": 15364, "false_negative": 318, "precision": 0.6172006745362564, "recall": 0.5350877192982456, "f1": 0.5732184808144087}, "AUX": {"true_positive": 735, "false_positive": 92, "true_negative": 15352, "false_negative": 96, "precision": 0.8887545344619106, "recall": 0.8844765342960289, "f1": 0.8866103739445115}, "CCONJ": {"true_positive": 495, "false_positive": 8, "true_negative": 15696, "false_negative": 76, "precision": 0.9840954274353877, "recall": 0.8669001751313485, "f1": 0.9217877094972067}, "DET": {"true_positive": 1256, "false_positive": 76, "true_negative": 14862, "false_negative": 81, "precision": 0.9429429429429429, "recall": 0.9394166043380703, "f1": 0.9411764705882353}, "INTJ": {"true_positive": 24, "false_positive": 0, "true_negative": 16193, "false_negative": 58, "precision": 1.0, "recall": 0.2926829268292683, "f1": 0.4528301886792453}, "NOUN": {"true_positive": 2645, "false_positive": 1047, "true_negative": 12298, "false_negative": 285, "precision": 0.7164138678223185, "recall": 0.9027303754266212, "f1": 0.7988523104802174}, "NUM": {"true_positive": 252, "false_positive": 9, "true_negative": 15986, "false_negative": 28, "precision": 0.9655172413793104, "recall": 0.9, "f1": 0.9316081330868762}, "PART": {"true_positive": 375, "false_positive": 120, "true_negative": 15734, "false_negative": 46, "precision": 0.7575757575757576, "recall": 0.8907363420427553, "f1": 0.8187772925764192}, "PRON": {"true_positive": 1284, "false_positive": 160, "true_negative": 14735, "false_negative": 96, "precision": 0.889196675900277, "recall": 0.9304347826086956, "f1": 0.9093484419263456}, "PROPN": {"true_positive": 473, "false_positive": 152, "true_negative": 15389, "false_negative": 261, "precision": 0.7568, "recall": 0.6444141689373297, "f1": 0.6961000735835173}, "PUNCT": {"true_positive": 2148, "false_positive": 61, "true_negative": 14065, "false_negative": 1, "precision": 0.9723856948845632, "recall": 0.9995346672871103, "f1": 0.9857732905002294}, "SCONJ": {"true_positive": 104, "false_positive": 13, "true_negative": 15948, "false_negative": 210, "precision": 0.8888888888888888, "recall": 0.33121019108280253, "f1": 0.48259860788863107}, "SYM": {"true_positive": 0, "false_positive": 0, "true_negative": 16261, "false_negative": 14, "precision": 0, "recall": 0.0, "f1": 0.0}, "VERB": {"true_positive": 1282, "false_positive": 571, "true_negative": 13899, "false_negative": 523, "precision": 0.6918510523475445, "recall": 0.7102493074792243, "f1": 0.7009294696555495}, "X": {"true_positive": 0, "false_positive": 0, "true_negative": 16262, "false_negative": 13, "precision": 0, "recall": 0.0, "f1": 0.0}, "macro_precision": 0.7455324671747606, "macro_recall": 0.6550974946324571, "macro_f1": 0.6769803313753359, "weighted_precision": 0.8215005975731333, "weighted_recall": 0.8198463901689709, "weighted_f1": 0.8114056676413951, "accuracy": 0.8198463901689708}