{"ADJ": {"true_positive": 393, "false_positive": 158, "true_negative": 14998, "false_negative": 726, "precision": 0.7132486388384754, "recall": 0.3512064343163539, "f1": 0.47065868263473054}, "ADP": {"true_positive": 1445, "false_positive": 278, "true_negative": 14386, "false_negative": 166, "precision": 0.8386535113174696, "recall": 0.8969584109248914, "f1": 0.8668266346730654}, "ADV": {"true_positive": 306, "false_positive": 182, "true_negative": 15409, "false_negative": 378, "precision": 0.6270491803278688, "recall": 0.4473684210526316, "f1": 0.5221843003412969}, "AUX": {"true_positive": 724, "false_positive": 121, "true_negative": 15323, "false_negative": 107, "precision": 0.8568047337278106, "recall": 0.8712394705174489, "f1": 0.863961813842482}, "CCONJ": {"true_positive": 491, "false_positive": 3, "true_negative": 15701, "false_negative": 80, "precision": 0.9939271255060729, "recall": 0.8598949211908932, "f1": 0.9220657276995305}, "DET": {"true_positive": 1237, "false_positive": 52, "true_negative": 14886, "false_negative": 100, "precision": 0.9596586501163693, "recall": 0.925205684367988, "f1": 0.9421172886519421}, "INTJ": {"true_positive": 23, "false_positive": 6, "true_negative": 16187, "false_negative": 59, "precision": 0.7931034482758621, "recall": 0.2804878048780488, "f1": 0.4144144144144144}, "NOUN": {"true_positive": 2632, "false_positive": 1287, "true_negative": 12058, "false_negative": 298, "precision": 0.6715998979331462, "recall": 0.8982935153583618, "f1": 0.7685793546503139}, "NUM": {"true_positive": 233, "false_positive": 40, "true_negative": 15955, "false_negative": 47, "precision": 0.8534798534798534, "recall": 0.8321428571428572, "f1": 0.8426763110307414}, "PART": {"true_positive": 328, "false_positive": 121, "true_negative": 15733, "false_negative": 93, "precision": 0.7305122494432071, "recall": 0.7790973871733967, "f1": 0.7540229885057471}, "PRON": {"true_positive": 1293, "false_positive": 286, "true_negative": 14609, "false_negative": 87, "precision": 0.8188727042431919, "recall": 0.9369565217391305, "f1": 0.8739438999662048}, "PROPN": {"true_positive": 423, "false_positive": 160, "true_negative": 15381, "false_negative": 311, "precision": 0.725557461406518, "recall": 0.5762942779291553, "f1": 0.642369020501139}, "PUNCT": {"true_positive": 2145, "false_positive": 70, "true_negative": 14056, "false_negative": 4, "precision": 0.9683972911963883, "recall": 0.9981386691484412, "f1": 0.9830430797433547}, "SCONJ": {"true_positive": 56, "false_positive": 9, "true_negative": 15952, "false_negative": 258, "precision": 0.8615384615384616, "recall": 0.17834394904458598, "f1": 0.2955145118733509}, "SYM": {"true_positive": 0, "false_positive": 0, "true_negative": 16261, "false_negative": 14, "precision": 0, "recall": 0.0, "f1": 0.0}, "VERB": {"true_positive": 1166, "false_positive": 607, "true_negative": 13863, "false_negative": 639, "precision": 0.6576424139875916, "recall": 0.6459833795013851, "f1": 0.6517607602012297}, "X": {"true_positive": 0, "false_positive": 0, "true_negative": 16262, "false_negative": 13, "precision": 0, "recall": 0.0, "f1": 0.0}, "macro_precision": 0.7100026836081346, "macro_recall": 0.6163301002520922, "macro_f1": 0.6361258111017377, "weighted_precision": 0.7939353322093223, "weighted_recall": 0.7923195084485406, "weighted_f1": 0.7792930712826575, "accuracy": 0.7923195084485407}