{"ADJ": {"true_positive": 518, "false_positive": 197, "true_negative": 14959, "false_negative": 601, "precision": 0.7244755244755244, "recall": 0.46291331546023234, "f1": 0.5648854961832062}, "ADP": {"true_positive": 1459, "false_positive": 232, "true_negative": 14432, "false_negative": 152, "precision": 0.8628030751034891, "recall": 0.9056486654252017, "f1": 0.8837068443367656}, "ADV": {"true_positive": 359, "false_positive": 206, "true_negative": 15385, "false_negative": 325, "precision": 0.6353982300884956, "recall": 0.5248538011695907, "f1": 0.5748598879103283}, "AUX": {"true_positive": 748, "false_positive": 103, "true_negative": 15341, "false_negative": 83, "precision": 0.8789659224441834, "recall": 0.9001203369434416, "f1": 0.8894173602853745}, "CCONJ": {"true_positive": 494, "false_positive": 6, "true_negative": 15698, "false_negative": 77, "precision": 0.988, "recall": 0.8651488616462347, "f1": 0.9225023342670402}, "DET": {"true_positive": 1262, "false_positive": 62, "true_negative": 14876, "false_negative": 75, "precision": 0.9531722054380665, "recall": 0.943904263275991, "f1": 0.9485155956407366}, "INTJ": {"true_positive": 25, "false_positive": 4, "true_negative": 16189, "false_negative": 57, "precision": 0.8620689655172413, "recall": 0.3048780487804878, "f1": 0.45045045045045046}, "NOUN": {"true_positive": 2613, "false_positive": 1001, "true_negative": 12344, "false_negative": 317, "precision": 0.7230215827338129, "recall": 0.8918088737201365, "f1": 0.7985941320293398}, "NUM": {"true_positive": 223, "false_positive": 29, "true_negative": 15966, "false_negative": 57, "precision": 0.8849206349206349, "recall": 0.7964285714285714, "f1": 0.8383458646616542}, "PART": {"true_positive": 349, "false_positive": 107, "true_negative": 15747, "false_negative": 72, "precision": 0.7653508771929824, "recall": 0.828978622327791, "f1": 0.7958950969213227}, "PRON": {"true_positive": 1313, "false_positive": 153, "true_negative": 14742, "false_negative": 67, "precision": 0.8956343792633015, "recall": 0.9514492753623188, "f1": 0.9226985242445538}, "PROPN": {"true_positive": 498, "false_positive": 181, "true_negative": 15360, "false_negative": 236, "precision": 0.7334315169366715, "recall": 0.6784741144414169, "f1": 0.7048832271762208}, "PUNCT": {"true_positive": 2148, "false_positive": 64, "true_negative": 14062, "false_negative": 1, "precision": 0.9710669077757685, "recall": 0.9995346672871103, "f1": 0.9850951616601696}, "SCONJ": {"true_positive": 123, "false_positive": 18, "true_negative": 15943, "false_negative": 191, "precision": 0.8723404255319149, "recall": 0.39171974522292996, "f1": 0.5406593406593406}, "SYM": {"true_positive": 0, "false_positive": 0, "true_negative": 16261, "false_negative": 14, "precision": 0, "recall": 0.0, "f1": 0.0}, "VERB": {"true_positive": 1248, "false_positive": 532, "true_negative": 13938, "false_negative": 557, "precision": 0.701123595505618, "recall": 0.6914127423822715, "f1": 0.6962343096234309}, "X": {"true_positive": 0, "false_positive": 0, "true_negative": 16262, "false_negative": 13, "precision": 0, "recall": 0.0, "f1": 0.0}, "macro_precision": 0.7324572848781002, "macro_recall": 0.6551337591102193, "macro_f1": 0.6774555074147021, "weighted_precision": 0.8211336104620796, "weighted_recall": 0.8221198156682028, "weighted_f1": 0.8149773830146481, "accuracy": 0.8221198156682028}