{"ADJ": {"true_positive": 482, "false_positive": 201, "true_negative": 14955, "false_negative": 637, "precision": 0.705710102489019, "recall": 0.4307417336907953, "f1": 0.5349611542730299}, "ADP": {"true_positive": 1454, "false_positive": 235, "true_negative": 14429, "false_negative": 157, "precision": 0.8608644168146833, "recall": 0.9025450031036624, "f1": 0.8812121212121212}, "ADV": {"true_positive": 329, "false_positive": 186, "true_negative": 15405, "false_negative": 355, "precision": 0.6388349514563106, "recall": 0.48099415204678364, "f1": 0.548790658882402}, "AUX": {"true_positive": 714, "false_positive": 100, "true_negative": 15344, "false_negative": 117, "precision": 0.8771498771498771, "recall": 0.8592057761732852, "f1": 0.8680851063829788}, "CCONJ": {"true_positive": 491, "false_positive": 2, "true_negative": 15702, "false_negative": 80, "precision": 0.9959432048681541, "recall": 0.8598949211908932, "f1": 0.9229323308270677}, "DET": {"true_positive": 1240, "false_positive": 62, "true_negative": 14876, "false_negative": 97, "precision": 0.9523809523809523, "recall": 0.9274495138369484, "f1": 0.9397499052671466}, "INTJ": {"true_positive": 23, "false_positive": 1, "true_negative": 16192, "false_negative": 59, "precision": 0.9583333333333334, "recall": 0.2804878048780488, "f1": 0.4339622641509434}, "NOUN": {"true_positive": 2615, "false_positive": 989, "true_negative": 12356, "false_negative": 315, "precision": 0.7255826859045506, "recall": 0.8924914675767918, "f1": 0.8004285277012549}, "NUM": {"true_positive": 249, "false_positive": 16, "true_negative": 15979, "false_negative": 31, "precision": 0.939622641509434, "recall": 0.8892857142857142, "f1": 0.9137614678899083}, "PART": {"true_positive": 360, "false_positive": 116, "true_negative": 15738, "false_negative": 61, "precision": 0.7563025210084033, "recall": 0.8551068883610451, "f1": 0.802675585284281}, "PRON": {"true_positive": 1316, "false_positive": 178, "true_negative": 14717, "false_negative": 64, "precision": 0.8808567603748326, "recall": 0.9536231884057971, "f1": 0.9157967988865693}, "PROPN": {"true_positive": 624, "false_positive": 107, "true_negative": 15434, "false_negative": 110, "precision": 0.853625170998632, "recall": 0.8501362397820164, "f1": 0.851877133105802}, "PUNCT": {"true_positive": 2149, "false_positive": 72, "true_negative": 14054, "false_negative": 0, "precision": 0.9675821701936065, "recall": 1.0, "f1": 0.9835240274599543}, "SCONJ": {"true_positive": 76, "false_positive": 6, "true_negative": 15955, "false_negative": 238, "precision": 0.926829268292683, "recall": 0.24203821656050956, "f1": 0.3838383838383838}, "SYM": {"true_positive": 0, "false_positive": 0, "true_negative": 16261, "false_negative": 14, "precision": 0, "recall": 0.0, "f1": 0.0}, "VERB": {"true_positive": 1253, "false_positive": 628, "true_negative": 13842, "false_negative": 552, "precision": 0.6661350345560871, "recall": 0.6941828254847645, "f1": 0.679869777536625}, "X": {"true_positive": 0, "false_positive": 1, "true_negative": 16261, "false_negative": 13, "precision": 0.0, "recall": 0.0, "f1": 0.0}, "macro_precision": 0.7473972406665035, "macro_recall": 0.6540107909045327, "macro_f1": 0.6742038378057924, "weighted_precision": 0.8224483845400424, "weighted_recall": 0.8218125960061444, "weighted_f1": 0.8124993324498208, "accuracy": 0.8218125960061444}