{"ADJ": {"true_positive": 647, "false_positive": 144, "true_negative": 15012, "false_negative": 472, "precision": 0.8179519595448799, "recall": 0.5781948168007149, "f1": 0.6774869109947644}, "ADP": {"true_positive": 1472, "false_positive": 241, "true_negative": 14423, "false_negative": 139, "precision": 0.8593111500291886, "recall": 0.9137181874612043, "f1": 0.8856799037304453}, "ADV": {"true_positive": 432, "false_positive": 191, "true_negative": 15400, "false_negative": 252, "precision": 0.6934189406099518, "recall": 0.631578947368421, "f1": 0.6610558530986993}, "AUX": {"true_positive": 775, "false_positive": 120, "true_negative": 15324, "false_negative": 56, "precision": 0.8659217877094972, "recall": 0.9326113116726835, "f1": 0.8980301274623407}, "CCONJ": {"true_positive": 494, "false_positive": 5, "true_negative": 15699, "false_negative": 77, "precision": 0.9899799599198397, "recall": 0.8651488616462347, "f1": 0.9233644859813084}, "DET": {"true_positive": 1254, "false_positive": 49, "true_negative": 14889, "false_negative": 83, "precision": 0.9623944742900997, "recall": 0.9379207180254301, "f1": 0.95}, "INTJ": {"true_positive": 24, "false_positive": 0, "true_negative": 16193, "false_negative": 58, "precision": 1.0, "recall": 0.2926829268292683, "f1": 0.4528301886792453}, "NOUN": {"true_positive": 2708, "false_positive": 685, "true_negative": 12660, "false_negative": 222, "precision": 0.7981137636310051, "recall": 0.9242320819112628, "f1": 0.8565554325478412}, "NUM": {"true_positive": 256, "false_positive": 24, "true_negative": 15971, "false_negative": 24, "precision": 0.9142857142857143, "recall": 0.9142857142857143, "f1": 0.9142857142857143}, "PART": {"true_positive": 358, "false_positive": 105, "true_negative": 15749, "false_negative": 63, "precision": 0.7732181425485961, "recall": 0.850356294536817, "f1": 0.8099547511312217}, "PRON": {"true_positive": 1317, "false_positive": 162, "true_negative": 14733, "false_negative": 63, "precision": 0.8904665314401623, "recall": 0.9543478260869566, "f1": 0.9213011542497377}, "PROPN": {"true_positive": 633, "false_positive": 93, "true_negative": 15448, "false_negative": 101, "precision": 0.871900826446281, "recall": 0.8623978201634878, "f1": 0.8671232876712329}, "PUNCT": {"true_positive": 2149, "false_positive": 88, "true_negative": 14038, "false_negative": 0, "precision": 0.9606616003576218, "recall": 1.0, "f1": 0.9799361605107159}, "SCONJ": {"true_positive": 90, "false_positive": 9, "true_negative": 15952, "false_negative": 224, "precision": 0.9090909090909091, "recall": 0.28662420382165604, "f1": 0.4358353510895884}, "SYM": {"true_positive": 0, "false_positive": 0, "true_negative": 16261, "false_negative": 14, "precision": 0, "recall": 0.0, "f1": 0.0}, "VERB": {"true_positive": 1424, "false_positive": 324, "true_negative": 14146, "false_negative": 381, "precision": 0.8146453089244852, "recall": 0.7889196675900277, "f1": 0.8015761328454827}, "X": {"true_positive": 0, "false_positive": 2, "true_negative": 16260, "false_negative": 13, "precision": 0.0, "recall": 0.0, "f1": 0.0}, "macro_precision": 0.7718447687546018, "macro_recall": 0.6901776104823458, "macro_f1": 0.7079420855457846, "weighted_precision": 0.8624692060408112, "weighted_recall": 0.8622427035330261, "weighted_f1": 0.8554242148874426, "accuracy": 0.8622427035330261}