{"ADJ": {"true_positive": 626, "false_positive": 143, "true_negative": 15013, "false_negative": 493, "precision": 0.8140442132639792, "recall": 0.5594280607685433, "f1": 0.663135593220339}, "ADP": {"true_positive": 1443, "false_positive": 211, "true_negative": 14453, "false_negative": 168, "precision": 0.8724304715840387, "recall": 0.8957169459962756, "f1": 0.8839203675344564}, "ADV": {"true_positive": 443, "false_positive": 190, "true_negative": 15401, "false_negative": 241, "precision": 0.6998420221169036, "recall": 0.6476608187134503, "f1": 0.6727410782080486}, "AUX": {"true_positive": 752, "false_positive": 103, "true_negative": 15341, "false_negative": 79, "precision": 0.87953216374269, "recall": 0.9049338146811071, "f1": 0.8920521945432978}, "CCONJ": {"true_positive": 494, "false_positive": 2, "true_negative": 15702, "false_negative": 77, "precision": 0.9959677419354839, "recall": 0.8651488616462347, "f1": 0.9259606373008434}, "DET": {"true_positive": 1273, "false_positive": 46, "true_negative": 14892, "false_negative": 64, "precision": 0.9651250947687642, "recall": 0.9521316379955124, "f1": 0.9585843373493976}, "INTJ": {"true_positive": 24, "false_positive": 0, "true_negative": 16193, "false_negative": 58, "precision": 1.0, "recall": 0.2926829268292683, "f1": 0.4528301886792453}, "NOUN": {"true_positive": 2659, "false_positive": 571, "true_negative": 12774, "false_negative": 271, "precision": 0.823219814241486, "recall": 0.9075085324232082, "f1": 0.8633116883116884}, "NUM": {"true_positive": 257, "false_positive": 23, "true_negative": 15972, "false_negative": 23, "precision": 0.9178571428571428, "recall": 0.9178571428571428, "f1": 0.9178571428571428}, "PART": {"true_positive": 375, "false_positive": 115, "true_negative": 15739, "false_negative": 46, "precision": 0.7653061224489796, "recall": 0.8907363420427553, "f1": 0.823271130625686}, "PRON": {"true_positive": 1330, "false_positive": 156, "true_negative": 14739, "false_negative": 50, "precision": 0.8950201884253028, "recall": 0.9637681159420289, "f1": 0.928122819260293}, "PROPN": {"true_positive": 670, "false_positive": 100, "true_negative": 15441, "false_negative": 64, "precision": 0.8701298701298701, "recall": 0.9128065395095368, "f1": 0.8909574468085106}, "PUNCT": {"true_positive": 2149, "false_positive": 65, "true_negative": 14061, "false_negative": 0, "precision": 0.9706413730803974, "recall": 1.0, "f1": 0.9851019940407976}, "SCONJ": {"true_positive": 108, "false_positive": 15, "true_negative": 15946, "false_negative": 206, "precision": 0.8780487804878049, "recall": 0.34394904458598724, "f1": 0.494279176201373}, "SYM": {"true_positive": 2, "false_positive": 0, "true_negative": 16261, "false_negative": 12, "precision": 1.0, "recall": 0.14285714285714285, "f1": 0.25}, "VERB": {"true_positive": 1501, "false_positive": 429, "true_negative": 14041, "false_negative": 304, "precision": 0.777720207253886, "recall": 0.8315789473684211, "f1": 0.8037483266398929}, "X": {"true_positive": 0, "false_positive": 0, "true_negative": 16262, "false_negative": 13, "precision": 0, "recall": 0.0, "f1": 0.0}, "macro_precision": 0.8308756003727489, "macro_recall": 0.7075744043656833, "macro_f1": 0.7297573012694712, "weighted_precision": 0.8670651728301346, "weighted_recall": 0.8667281105990785, "weighted_f1": 0.8607867155678772, "accuracy": 0.8667281105990784}