{"ADJ": {"true_positive": 564, "false_positive": 135, "true_negative": 15021, "false_negative": 555, "precision": 0.8068669527896996, "recall": 0.5040214477211796, "f1": 0.6204620462046204}, "ADP": {"true_positive": 1434, "false_positive": 241, "true_negative": 14423, "false_negative": 177, "precision": 0.8561194029850746, "recall": 0.8901303538175046, "f1": 0.8727936701156421}, "ADV": {"true_positive": 376, "false_positive": 190, "true_negative": 15401, "false_negative": 308, "precision": 0.6643109540636042, "recall": 0.5497076023391813, "f1": 0.6016}, "AUX": {"true_positive": 759, "false_positive": 102, "true_negative": 15342, "false_negative": 72, "precision": 0.8815331010452961, "recall": 0.9133574007220217, "f1": 0.8971631205673759}, "CCONJ": {"true_positive": 492, "false_positive": 3, "true_negative": 15701, "false_negative": 79, "precision": 0.9939393939393939, "recall": 0.861646234676007, "f1": 0.9230769230769231}, "DET": {"true_positive": 1253, "false_positive": 68, "true_negative": 14870, "false_negative": 84, "precision": 0.9485238455715367, "recall": 0.93717277486911, "f1": 0.9428141459744168}, "INTJ": {"true_positive": 18, "false_positive": 0, "true_negative": 16193, "false_negative": 64, "precision": 1.0, "recall": 0.21951219512195122, "f1": 0.36}, "NOUN": {"true_positive": 2720, "false_positive": 780, "true_negative": 12565, "false_negative": 210, "precision": 0.7771428571428571, "recall": 0.9283276450511946, "f1": 0.8460342146189735}, "NUM": {"true_positive": 241, "false_positive": 3, "true_negative": 15992, "false_negative": 39, "precision": 0.9877049180327869, "recall": 0.8607142857142858, "f1": 0.9198473282442748}, "PART": {"true_positive": 382, "false_positive": 124, "true_negative": 15730, "false_negative": 39, "precision": 0.7549407114624506, "recall": 0.9073634204275535, "f1": 0.8241639697950378}, "PRON": {"true_positive": 1306, "false_positive": 221, "true_negative": 14674, "false_negative": 74, "precision": 0.8552717747216765, "recall": 0.946376811594203, "f1": 0.8985208118335053}, "PROPN": {"true_positive": 633, "false_positive": 105, "true_negative": 15436, "false_negative": 101, "precision": 0.8577235772357723, "recall": 0.8623978201634878, "f1": 0.8600543478260869}, "PUNCT": {"true_positive": 2149, "false_positive": 52, "true_negative": 14074, "false_negative": 0, "precision": 0.9763743752839619, "recall": 1.0, "f1": 0.9880459770114942}, "SCONJ": {"true_positive": 65, "false_positive": 3, "true_negative": 15958, "false_negative": 249, "precision": 0.9558823529411765, "recall": 0.2070063694267516, "f1": 0.3403141361256545}, "SYM": {"true_positive": 0, "false_positive": 0, "true_negative": 16261, "false_negative": 14, "precision": 0, "recall": 0.0, "f1": 0.0}, "VERB": {"true_positive": 1430, "false_positive": 426, "true_negative": 14044, "false_negative": 375, "precision": 0.7704741379310345, "recall": 0.7922437673130194, "f1": 0.7812073204042611}, "X": {"true_positive": 0, "false_positive": 0, "true_negative": 16262, "false_negative": 13, "precision": 0, "recall": 0.0, "f1": 0.0}, "macro_precision": 0.7698122561850776, "macro_recall": 0.6694104781739678, "macro_f1": 0.6868292948116625, "weighted_precision": 0.8514342553905996, "weighted_recall": 0.8492780337941627, "weighted_f1": 0.8399042594179177, "accuracy": 0.8492780337941628}