{"ADJ": {"true_positive": 536, "false_positive": 170, "true_negative": 14986, "false_negative": 583, "precision": 0.7592067988668555, "recall": 0.47899910634495085, "f1": 0.5873972602739727}, "ADP": {"true_positive": 1463, "false_positive": 202, "true_negative": 14462, "false_negative": 148, "precision": 0.8786786786786787, "recall": 0.9081315952824333, "f1": 0.8931623931623932}, "ADV": {"true_positive": 388, "false_positive": 196, "true_negative": 15395, "false_negative": 296, "precision": 0.6643835616438356, "recall": 0.5672514619883041, "f1": 0.61198738170347}, "AUX": {"true_positive": 769, "false_positive": 93, "true_negative": 15351, "false_negative": 62, "precision": 0.8921113689095128, "recall": 0.9253910950661853, "f1": 0.9084465445953928}, "CCONJ": {"true_positive": 494, "false_positive": 2, "true_negative": 15702, "false_negative": 77, "precision": 0.9959677419354839, "recall": 0.8651488616462347, "f1": 0.9259606373008434}, "DET": {"true_positive": 1280, "false_positive": 51, "true_negative": 14887, "false_negative": 57, "precision": 0.9616829451540195, "recall": 0.9573672400897532, "f1": 0.95952023988006}, "INTJ": {"true_positive": 26, "false_positive": 0, "true_negative": 16193, "false_negative": 56, "precision": 1.0, "recall": 0.3170731707317073, "f1": 0.48148148148148145}, "NOUN": {"true_positive": 2653, "false_positive": 751, "true_negative": 12594, "false_negative": 277, "precision": 0.7793772032902467, "recall": 0.9054607508532423, "f1": 0.8377012946005684}, "NUM": {"true_positive": 264, "false_positive": 14, "true_negative": 15981, "false_negative": 16, "precision": 0.9496402877697842, "recall": 0.9428571428571428, "f1": 0.946236559139785}, "PART": {"true_positive": 367, "false_positive": 94, "true_negative": 15760, "false_negative": 54, "precision": 0.7960954446854663, "recall": 0.8717339667458432, "f1": 0.8321995464852607}, "PRON": {"true_positive": 1319, "false_positive": 119, "true_negative": 14776, "false_negative": 61, "precision": 0.9172461752433936, "recall": 0.9557971014492753, "f1": 0.936124911284599}, "PROPN": {"true_positive": 684, "false_positive": 105, "true_negative": 15436, "false_negative": 50, "precision": 0.8669201520912547, "recall": 0.9318801089918256, "f1": 0.8982271831910703}, "PUNCT": {"true_positive": 2149, "false_positive": 48, "true_negative": 14078, "false_negative": 0, "precision": 0.9781520254893036, "recall": 1.0, "f1": 0.9889553612517257}, "SCONJ": {"true_positive": 119, "false_positive": 14, "true_negative": 15947, "false_negative": 195, "precision": 0.8947368421052632, "recall": 0.37898089171974525, "f1": 0.5324384787472036}, "SYM": {"true_positive": 0, "false_positive": 0, "true_negative": 16261, "false_negative": 14, "precision": 0, "recall": 0.0, "f1": 0.0}, "VERB": {"true_positive": 1356, "false_positive": 549, "true_negative": 13921, "false_negative": 449, "precision": 0.7118110236220473, "recall": 0.7512465373961219, "f1": 0.7309973045822102}, "X": {"true_positive": 0, "false_positive": 0, "true_negative": 16262, "false_negative": 13, "precision": 0, "recall": 0.0, "f1": 0.0}, "macro_precision": 0.7674123676167732, "macro_recall": 0.691607001833104, "macro_f1": 0.7100492104517668, "weighted_precision": 0.851116380464664, "weighted_recall": 0.8520430107526883, "weighted_f1": 0.8450754667063963, "accuracy": 0.8520430107526882}