{"ADJ": {"true_positive": 622, "false_positive": 140, "true_negative": 15016, "false_negative": 497, "precision": 0.8162729658792651, "recall": 0.5558534405719392, "f1": 0.6613503455608719}, "ADP": {"true_positive": 1455, "false_positive": 229, "true_negative": 14435, "false_negative": 156, "precision": 0.8640142517814727, "recall": 0.9031657355679702, "f1": 0.8831562974203339}, "ADV": {"true_positive": 436, "false_positive": 200, "true_negative": 15391, "false_negative": 248, "precision": 0.6855345911949685, "recall": 0.6374269005847953, "f1": 0.6606060606060606}, "AUX": {"true_positive": 752, "false_positive": 102, "true_negative": 15342, "false_negative": 79, "precision": 0.8805620608899297, "recall": 0.9049338146811071, "f1": 0.8925816023738873}, "CCONJ": {"true_positive": 494, "false_positive": 2, "true_negative": 15702, "false_negative": 77, "precision": 0.9959677419354839, "recall": 0.8651488616462347, "f1": 0.9259606373008434}, "DET": {"true_positive": 1256, "false_positive": 38, "true_negative": 14900, "false_negative": 81, "precision": 0.9706336939721792, "recall": 0.9394166043380703, "f1": 0.9547700494108704}, "INTJ": {"true_positive": 21, "false_positive": 0, "true_negative": 16193, "false_negative": 61, "precision": 1.0, "recall": 0.25609756097560976, "f1": 0.4077669902912621}, "NOUN": {"true_positive": 2661, "false_positive": 792, "true_negative": 12553, "false_negative": 269, "precision": 0.7706342311033884, "recall": 0.9081911262798635, "f1": 0.8337772207425975}, "NUM": {"true_positive": 263, "false_positive": 19, "true_negative": 15976, "false_negative": 17, "precision": 0.9326241134751773, "recall": 0.9392857142857143, "f1": 0.9359430604982206}, "PART": {"true_positive": 375, "false_positive": 105, "true_negative": 15749, "false_negative": 46, "precision": 0.78125, "recall": 0.8907363420427553, "f1": 0.832408435072142}, "PRON": {"true_positive": 1332, "false_positive": 179, "true_negative": 14716, "false_negative": 48, "precision": 0.8815354070152217, "recall": 0.9652173913043478, "f1": 0.9214804565894155}, "PROPN": {"true_positive": 474, "false_positive": 119, "true_negative": 15422, "false_negative": 260, "precision": 0.7993254637436762, "recall": 0.6457765667574932, "f1": 0.7143933685003768}, "PUNCT": {"true_positive": 2149, "false_positive": 42, "true_negative": 14084, "false_negative": 0, "precision": 0.9808306709265175, "recall": 1.0, "f1": 0.9903225806451613}, "SCONJ": {"true_positive": 96, "false_positive": 10, "true_negative": 15951, "false_negative": 218, "precision": 0.9056603773584906, "recall": 0.3057324840764331, "f1": 0.45714285714285713}, "SYM": {"true_positive": 0, "false_positive": 0, "true_negative": 16261, "false_negative": 14, "precision": 0, "recall": 0.0, "f1": 0.0}, "VERB": {"true_positive": 1467, "false_positive": 445, "true_negative": 14025, "false_negative": 338, "precision": 0.7672594142259415, "recall": 0.8127423822714681, "f1": 0.7893462469733656}, "X": {"true_positive": 0, "false_positive": 0, "true_negative": 16262, "false_negative": 13, "precision": 0, "recall": 0.0, "f1": 0.0}, "macro_precision": 0.7665944107942184, "macro_recall": 0.6782191132578707, "macro_f1": 0.6977062475957804, "weighted_precision": 0.8530096918504467, "weighted_recall": 0.8511827956989249, "weighted_f1": 0.8444296619483014, "accuracy": 0.8511827956989247}