{"ADJ": {"true_positive": 698, "false_positive": 175, "true_negative": 14981, "false_negative": 421, "precision": 0.7995418098510882, "recall": 0.6237712243074174, "f1": 0.7008032128514057}, "ADP": {"true_positive": 1457, "false_positive": 215, "true_negative": 14449, "false_negative": 154, "precision": 0.8714114832535885, "recall": 0.904407200496586, "f1": 0.8876028023149558}, "ADV": {"true_positive": 432, "false_positive": 170, "true_negative": 15421, "false_negative": 252, "precision": 0.717607973421927, "recall": 0.631578947368421, "f1": 0.671850699844479}, "AUX": {"true_positive": 768, "false_positive": 103, "true_negative": 15341, "false_negative": 63, "precision": 0.8817451205510907, "recall": 0.924187725631769, "f1": 0.9024676850763808}, "CCONJ": {"true_positive": 504, "false_positive": 6, "true_negative": 15698, "false_negative": 67, "precision": 0.9882352941176471, "recall": 0.882661996497373, "f1": 0.9324699352451434}, "DET": {"true_positive": 1259, "false_positive": 42, "true_negative": 14896, "false_negative": 78, "precision": 0.96771714066103, "recall": 0.9416604338070307, "f1": 0.954510993176649}, "INTJ": {"true_positive": 23, "false_positive": 0, "true_negative": 16193, "false_negative": 59, "precision": 1.0, "recall": 0.2804878048780488, "f1": 0.4380952380952381}, "NOUN": {"true_positive": 2684, "false_positive": 570, "true_negative": 12775, "false_negative": 246, "precision": 0.8248309772587584, "recall": 0.9160409556313993, "f1": 0.8680465717981889}, "NUM": {"true_positive": 265, "false_positive": 16, "true_negative": 15979, "false_negative": 15, "precision": 0.9430604982206405, "recall": 0.9464285714285714, "f1": 0.9447415329768271}, "PART": {"true_positive": 379, "false_positive": 106, "true_negative": 15748, "false_negative": 42, "precision": 0.7814432989690722, "recall": 0.9002375296912114, "f1": 0.8366445916114791}, "PRON": {"true_positive": 1318, "false_positive": 166, "true_negative": 14729, "false_negative": 62, "precision": 0.8881401617250674, "recall": 0.9550724637681159, "f1": 0.9203910614525139}, "PROPN": {"true_positive": 650, "false_positive": 76, "true_negative": 15465, "false_negative": 84, "precision": 0.8953168044077136, "recall": 0.885558583106267, "f1": 0.8904109589041096}, "PUNCT": {"true_positive": 2149, "false_positive": 42, "true_negative": 14084, "false_negative": 0, "precision": 0.9808306709265175, "recall": 1.0, "f1": 0.9903225806451613}, "SCONJ": {"true_positive": 100, "false_positive": 14, "true_negative": 15947, "false_negative": 214, "precision": 0.8771929824561403, "recall": 0.3184713375796178, "f1": 0.4672897196261682}, "SYM": {"true_positive": 0, "false_positive": 0, "true_negative": 16261, "false_negative": 14, "precision": 0, "recall": 0.0, "f1": 0.0}, "VERB": {"true_positive": 1484, "false_positive": 402, "true_negative": 14068, "false_negative": 321, "precision": 0.7868504772004242, "recall": 0.8221606648199447, "f1": 0.8041181251693308}, "X": {"true_positive": 0, "false_positive": 2, "true_negative": 16260, "false_negative": 13, "precision": 0.0, "recall": 0.0, "f1": 0.0}, "macro_precision": 0.7767014525306298, "macro_recall": 0.701925025824222, "macro_f1": 0.7182215122816489, "weighted_precision": 0.8699434416441956, "weighted_recall": 0.8706605222734255, "weighted_f1": 0.8650302276582863, "accuracy": 0.8706605222734255}