{"ADJ": {"true_positive": 480, "false_positive": 166, "true_negative": 14990, "false_negative": 639, "precision": 0.7430340557275542, "recall": 0.4289544235924933, "f1": 0.5439093484419264}, "ADP": {"true_positive": 1460, "false_positive": 246, "true_negative": 14418, "false_negative": 151, "precision": 0.8558030480656507, "recall": 0.9062693978895097, "f1": 0.8803135363280072}, "ADV": {"true_positive": 353, "false_positive": 206, "true_negative": 15385, "false_negative": 331, "precision": 0.631484794275492, "recall": 0.5160818713450293, "f1": 0.5679806918744972}, "AUX": {"true_positive": 779, "false_positive": 121, "true_negative": 15323, "false_negative": 52, "precision": 0.8655555555555555, "recall": 0.937424789410349, "f1": 0.9000577700751011}, "CCONJ": {"true_positive": 494, "false_positive": 7, "true_negative": 15697, "false_negative": 77, "precision": 0.9860279441117764, "recall": 0.8651488616462347, "f1": 0.9216417910447762}, "DET": {"true_positive": 1263, "false_positive": 49, "true_negative": 14889, "false_negative": 74, "precision": 0.9626524390243902, "recall": 0.9446522064323112, "f1": 0.9535673839184597}, "INTJ": {"true_positive": 25, "false_positive": 0, "true_negative": 16193, "false_negative": 57, "precision": 1.0, "recall": 0.3048780487804878, "f1": 0.4672897196261682}, "NOUN": {"true_positive": 2680, "false_positive": 929, "true_negative": 12416, "false_negative": 250, "precision": 0.742587974508174, "recall": 0.9146757679180887, "f1": 0.8196972014069429}, "NUM": {"true_positive": 251, "false_positive": 22, "true_negative": 15973, "false_negative": 29, "precision": 0.9194139194139194, "recall": 0.8964285714285715, "f1": 0.9077757685352622}, "PART": {"true_positive": 356, "false_positive": 92, "true_negative": 15762, "false_negative": 65, "precision": 0.7946428571428571, "recall": 0.8456057007125891, "f1": 0.8193325661680092}, "PRON": {"true_positive": 1317, "false_positive": 141, "true_negative": 14754, "false_negative": 63, "precision": 0.9032921810699589, "recall": 0.9543478260869566, "f1": 0.9281183932346723}, "PROPN": {"true_positive": 646, "false_positive": 98, "true_negative": 15443, "false_negative": 88, "precision": 0.8682795698924731, "recall": 0.8801089918256131, "f1": 0.8741542625169147}, "PUNCT": {"true_positive": 2149, "false_positive": 77, "true_negative": 14049, "false_negative": 0, "precision": 0.9654088050314465, "recall": 1.0, "f1": 0.9824}, "SCONJ": {"true_positive": 116, "false_positive": 23, "true_negative": 15938, "false_negative": 198, "precision": 0.8345323741007195, "recall": 0.36942675159235666, "f1": 0.5121412803532008}, "SYM": {"true_positive": 0, "false_positive": 0, "true_negative": 16261, "false_negative": 14, "precision": 0, "recall": 0.0, "f1": 0.0}, "VERB": {"true_positive": 1256, "false_positive": 471, "true_negative": 13999, "false_negative": 549, "precision": 0.7272727272727273, "recall": 0.6958448753462604, "f1": 0.711211778029445}, "X": {"true_positive": 0, "false_positive": 2, "true_negative": 16260, "false_negative": 13, "precision": 0.0, "recall": 0.0, "f1": 0.0}, "macro_precision": 0.752940485011335, "macro_recall": 0.6741087108239324, "macro_f1": 0.6935053818560815, "weighted_precision": 0.8353002784512762, "weighted_recall": 0.8371735791090631, "weighted_f1": 0.8283717443007469, "accuracy": 0.837173579109063}