{"ADJ": {"true_positive": 467, "false_positive": 162, "true_negative": 14994, "false_negative": 652, "precision": 0.7424483306836248, "recall": 0.41733690795352996, "f1": 0.534324942791762}, "ADP": {"true_positive": 1455, "false_positive": 251, "true_negative": 14413, "false_negative": 156, "precision": 0.8528722157092614, "recall": 0.9031657355679702, "f1": 0.8772987639433223}, "ADV": {"true_positive": 342, "false_positive": 199, "true_negative": 15392, "false_negative": 342, "precision": 0.6321626617375231, "recall": 0.5, "f1": 0.5583673469387755}, "AUX": {"true_positive": 768, "false_positive": 131, "true_negative": 15313, "false_negative": 63, "precision": 0.8542825361512792, "recall": 0.924187725631769, "f1": 0.8878612716763006}, "CCONJ": {"true_positive": 493, "false_positive": 1, "true_negative": 15703, "false_negative": 78, "precision": 0.9979757085020243, "recall": 0.8633975481611208, "f1": 0.9258215962441314}, "DET": {"true_positive": 1256, "false_positive": 49, "true_negative": 14889, "false_negative": 81, "precision": 0.9624521072796934, "recall": 0.9394166043380703, "f1": 0.9507948523845572}, "INTJ": {"true_positive": 21, "false_positive": 0, "true_negative": 16193, "false_negative": 61, "precision": 1.0, "recall": 0.25609756097560976, "f1": 0.4077669902912621}, "NOUN": {"true_positive": 2677, "false_positive": 979, "true_negative": 12366, "false_negative": 253, "precision": 0.7322210065645515, "recall": 0.9136518771331058, "f1": 0.8129365320376556}, "NUM": {"true_positive": 254, "false_positive": 9, "true_negative": 15986, "false_negative": 26, "precision": 0.9657794676806084, "recall": 0.9071428571428571, "f1": 0.9355432780847146}, "PART": {"true_positive": 333, "false_positive": 102, "true_negative": 15752, "false_negative": 88, "precision": 0.7655172413793103, "recall": 0.7909738717339667, "f1": 0.7780373831775701}, "PRON": {"true_positive": 1308, "false_positive": 132, "true_negative": 14763, "false_negative": 72, "precision": 0.9083333333333333, "recall": 0.9478260869565217, "f1": 0.9276595744680851}, "PROPN": {"true_positive": 659, "false_positive": 110, "true_negative": 15431, "false_negative": 75, "precision": 0.8569570871261378, "recall": 0.8978201634877384, "f1": 0.8769128409846972}, "PUNCT": {"true_positive": 2149, "false_positive": 36, "true_negative": 14090, "false_negative": 0, "precision": 0.9835240274599543, "recall": 1.0, "f1": 0.991693585602215}, "SCONJ": {"true_positive": 103, "false_positive": 27, "true_negative": 15934, "false_negative": 211, "precision": 0.7923076923076923, "recall": 0.32802547770700635, "f1": 0.46396396396396394}, "SYM": {"true_positive": 0, "false_positive": 0, "true_negative": 16261, "false_negative": 14, "precision": 0, "recall": 0.0, "f1": 0.0}, "VERB": {"true_positive": 1278, "false_positive": 524, "true_negative": 13946, "false_negative": 527, "precision": 0.709211986681465, "recall": 0.7080332409972299, "f1": 0.7086221236484613}, "X": {"true_positive": 0, "false_positive": 0, "true_negative": 16262, "false_negative": 13, "precision": 0, "recall": 0.0, "f1": 0.0}, "macro_precision": 0.7503556119174389, "macro_recall": 0.6645338622227351, "macro_f1": 0.6845650027198513, "weighted_precision": 0.832494495472348, "weighted_recall": 0.833364055299539, "weighted_f1": 0.824294863931987, "accuracy": 0.8333640552995392}