{"ADJ": {"true_positive": 532, "false_positive": 189, "true_negative": 14967, "false_negative": 587, "precision": 0.7378640776699029, "recall": 0.47542448614834676, "f1": 0.5782608695652174}, "ADP": {"true_positive": 1428, "false_positive": 233, "true_negative": 14431, "false_negative": 183, "precision": 0.8597230583985551, "recall": 0.8864059590316573, "f1": 0.8728606356968215}, "ADV": {"true_positive": 332, "false_positive": 196, "true_negative": 15395, "false_negative": 352, "precision": 0.6287878787878788, "recall": 0.4853801169590643, "f1": 0.5478547854785478}, "AUX": {"true_positive": 732, "false_positive": 99, "true_negative": 15345, "false_negative": 99, "precision": 0.8808664259927798, "recall": 0.8808664259927798, "f1": 0.8808664259927798}, "CCONJ": {"true_positive": 494, "false_positive": 4, "true_negative": 15700, "false_negative": 77, "precision": 0.9919678714859438, "recall": 0.8651488616462347, "f1": 0.9242282507015903}, "DET": {"true_positive": 1259, "false_positive": 51, "true_negative": 14887, "false_negative": 78, "precision": 0.9610687022900763, "recall": 0.9416604338070307, "f1": 0.9512655836796373}, "INTJ": {"true_positive": 28, "false_positive": 0, "true_negative": 16193, "false_negative": 54, "precision": 1.0, "recall": 0.34146341463414637, "f1": 0.509090909090909}, "NOUN": {"true_positive": 2611, "false_positive": 1060, "true_negative": 12285, "false_negative": 319, "precision": 0.7112503405066739, "recall": 0.8911262798634813, "f1": 0.7910922587486744}, "NUM": {"true_positive": 254, "false_positive": 34, "true_negative": 15961, "false_negative": 26, "precision": 0.8819444444444444, "recall": 0.9071428571428571, "f1": 0.8943661971830986}, "PART": {"true_positive": 381, "false_positive": 133, "true_negative": 15721, "false_negative": 40, "precision": 0.7412451361867705, "recall": 0.9049881235154394, "f1": 0.8149732620320855}, "PRON": {"true_positive": 1313, "false_positive": 167, "true_negative": 14728, "false_negative": 67, "precision": 0.8871621621621621, "recall": 0.9514492753623188, "f1": 0.9181818181818182}, "PROPN": {"true_positive": 453, "false_positive": 163, "true_negative": 15378, "false_negative": 281, "precision": 0.7353896103896104, "recall": 0.6171662125340599, "f1": 0.6711111111111111}, "PUNCT": {"true_positive": 2147, "false_positive": 69, "true_negative": 14057, "false_negative": 2, "precision": 0.9688628158844765, "recall": 0.9990693345742205, "f1": 0.9837342497136311}, "SCONJ": {"true_positive": 77, "false_positive": 11, "true_negative": 15950, "false_negative": 237, "precision": 0.875, "recall": 0.24522292993630573, "f1": 0.38308457711442784}, "SYM": {"true_positive": 0, "false_positive": 0, "true_negative": 16261, "false_negative": 14, "precision": 0, "recall": 0.0, "f1": 0.0}, "VERB": {"true_positive": 1262, "false_positive": 560, "true_negative": 13910, "false_negative": 543, "precision": 0.6926454445664105, "recall": 0.6991689750692521, "f1": 0.6958919216983733}, "X": {"true_positive": 0, "false_positive": 3, "true_negative": 16259, "false_negative": 13, "precision": 0.0, "recall": 0.0, "f1": 0.0}, "macro_precision": 0.738457527574452, "macro_recall": 0.6524519815421879, "macro_f1": 0.6715801679993367, "weighted_precision": 0.8184473296292109, "weighted_recall": 0.8173886328725037, "weighted_f1": 0.8087765518473159, "accuracy": 0.8173886328725039}