{"ADJ": {"true_positive": 654, "false_positive": 135, "true_negative": 15021, "false_negative": 465, "precision": 0.8288973384030418, "recall": 0.5844504021447721, "f1": 0.6855345911949685}, "ADP": {"true_positive": 1471, "false_positive": 232, "true_negative": 14432, "false_negative": 140, "precision": 0.8637698179682912, "recall": 0.9130974549968963, "f1": 0.8877489438744719}, "ADV": {"true_positive": 453, "false_positive": 188, "true_negative": 15403, "false_negative": 231, "precision": 0.7067082683307332, "recall": 0.6622807017543859, "f1": 0.6837735849056604}, "AUX": {"true_positive": 774, "false_positive": 103, "true_negative": 15341, "false_negative": 57, "precision": 0.8825541619156214, "recall": 0.9314079422382672, "f1": 0.9063231850117096}, "CCONJ": {"true_positive": 494, "false_positive": 7, "true_negative": 15697, "false_negative": 77, "precision": 0.9860279441117764, "recall": 0.8651488616462347, "f1": 0.9216417910447762}, "DET": {"true_positive": 1267, "false_positive": 45, "true_negative": 14893, "false_negative": 70, "precision": 0.9657012195121951, "recall": 0.9476439790575916, "f1": 0.9565873914684787}, "INTJ": {"true_positive": 33, "false_positive": 0, "true_negative": 16193, "false_negative": 49, "precision": 1.0, "recall": 0.4024390243902439, "f1": 0.5739130434782609}, "NOUN": {"true_positive": 2684, "false_positive": 752, "true_negative": 12593, "false_negative": 246, "precision": 0.7811408614668219, "recall": 0.9160409556313993, "f1": 0.843229657555765}, "NUM": {"true_positive": 263, "false_positive": 13, "true_negative": 15982, "false_negative": 17, "precision": 0.9528985507246377, "recall": 0.9392857142857143, "f1": 0.9460431654676259}, "PART": {"true_positive": 374, "false_positive": 106, "true_negative": 15748, "false_negative": 47, "precision": 0.7791666666666667, "recall": 0.8883610451306413, "f1": 0.8301886792452831}, "PRON": {"true_positive": 1329, "false_positive": 137, "true_negative": 14758, "false_negative": 51, "precision": 0.9065484311050478, "recall": 0.9630434782608696, "f1": 0.9339423752635277}, "PROPN": {"true_positive": 473, "false_positive": 121, "true_negative": 15420, "false_negative": 261, "precision": 0.7962962962962963, "recall": 0.6444141689373297, "f1": 0.7123493975903614}, "PUNCT": {"true_positive": 2149, "false_positive": 36, "true_negative": 14090, "false_negative": 0, "precision": 0.9835240274599543, "recall": 1.0, "f1": 0.991693585602215}, "SCONJ": {"true_positive": 116, "false_positive": 13, "true_negative": 15948, "false_negative": 198, "precision": 0.8992248062015504, "recall": 0.36942675159235666, "f1": 0.5237020316027088}, "SYM": {"true_positive": 0, "false_positive": 0, "true_negative": 16261, "false_negative": 14, "precision": 0, "recall": 0.0, "f1": 0.0}, "VERB": {"true_positive": 1500, "false_positive": 353, "true_negative": 14117, "false_negative": 305, "precision": 0.809498111171074, "recall": 0.8310249307479224, "f1": 0.8201202843083653}, "X": {"true_positive": 0, "false_positive": 0, "true_negative": 16262, "false_negative": 13, "precision": 0, "recall": 0.0, "f1": 0.0}, "macro_precision": 0.7730562647843358, "macro_recall": 0.6975332594596839, "macro_f1": 0.7186348063302457, "weighted_precision": 0.8631779026286927, "weighted_recall": 0.8623041474654379, "weighted_f1": 0.8567180675133568, "accuracy": 0.8623041474654378}